GameSession#,AIParameters,WinRate,AveargeTime
1 ,39.297997237651714 45.51735441159519 21.599020530350032 54.77375062865224 82.92147880618847 6.899343358627803 31.956199147453702 71.91031061945085 19.775600420317872 ,0.575,4888.75
2 ,-34.391254997658095 23.771126995749597 44.97630055799672 -81.88275716042381 71.8766656010838 76.27788346014424 43.07593093543193 10.771763473707765 5.898822075465063 ,0.225,1966.85
3 ,-19.23797057426968 37.47054517452224 -44.48157597387063 -2.6946661737795807 58.67444926215549 84.6036008408505 51.370258993342475 -46.67755270942151 -40.776372930817104 ,0.35,4097.6
4 ,31.75868809872827 -98.41407876986628 -18.67708475746612 43.61298587730312 12.681326936442488 -62.18798569914872 -0.8365187700472063 86.60466313517338 74.98036697382778 ,0.65,7251.05
5 ,18.937514501681434 40.969605488687165 -33.00174286935342 -77.2271859783283 88.76402125322522 50.093784297588826 64.39995783417896 -77.81602930201213 -37.56047389609112 ,0.425,4630.725
6 ,-94.12906973050129 -24.727592372969937 8.167593273069528 18.518925627885707 9.026080409997817 -7.714851227167102 14.950824135827887 88.36261334047657 54.563335838554224 ,0.45,5181.925
7 ,-94.18223315336553 -96.14833928045199 -49.87237871414276 32.222033273384 28.23976956932549 -8.680909478937224 -38.597709272747124 -42.26383664314754 1.774783500598005 ,0.175,2112.8
8 ,-14.127890394240268 33.249456657748 -10.492809257264142 -64.89634549137895 -74.41511223613392 -57.997778605867765 80.3063352910595 -56.86134578254312 18.28103193551138 ,0.35,4585.6
9 ,31.825535737516333 66.06161162222497 -25.330638581968955 2.81326024807494 49.7515173124755 -68.10173265309258 -65.12396199193958 -1.4559350484475004 74.22488047856689 ,0.575,7546.85
10 ,-84.19876817807832 -97.36780297390641 -28.74168579777188 -16.693676036909793 -97.32297302966117 -27.558410674603252 -61.876098689008515 9.055027491594785 31.149415413449134 ,0.35,6031.3
11 ,-34.391254997658095 23.771126995749597 44.97630055799672 -81.88275716042381 71.8766656010838 76.27788346014424 43.07593093543193 10.771763473707765 5.898822075465063 ,0.225,2202.4
12 ,39.297997237651714 45.51735441159519 8.167593273069528 18.518925627885707 9.026080409997817 -9.0 -0.8365187700472063 86.60466313517338 74.98036697382778 ,0.625,5719.0
13 ,-19.23797057426968 37.47054517452224 -44.48157597387063 -2.6946661737795807 58.67444926215549 84.6036008408505 51.370258993342475 -46.67755270942151 -40.776372930817104 ,0.425,4497.7
14 ,31.75868809872827 -98.41407876986628 21.599020530350032 54.77375062865224 82.92147880618847 50.093784297588826 64.39995783417896 -77.81602930201213 -37.56047389609112 ,0.625,6100.725
15 ,-94.12906973050129 -24.727592372969937 -49.87237871414276 32.222033273384 28.23976956932549 6.899343358627803 31.956199147453702 71.91031061945085 19.775600420317872 ,0.225,2304.35
16 ,31.75868809872827 -98.41407876986628 -18.67708475746612 43.61298587730312 12.681326936442488 -62.18798569914872 -0.8365187700472063 86.60466313517338 74.98036697382778 ,0.65,8103.7
17 ,18.937514501681434 40.969605488687165 -33.00174286935342 -77.2271859783283 88.76402125322522 -62.18798569914872 -0.8365187700472063 86.60466313517338 74.98036697382778 ,0.7,8583.2
18 ,39.297997237651714 45.51735441159519 -28.74168579777188 -16.693676036909793 -97.32297302966117 -27.558410674603252 14.950824135827887 88.36261334047657 54.563335838554224 ,0.6,7169.65
19 ,-92.0 -98.41407876986628 -10.492809257264142 -64.89634549137895 -74.41511223613392 6.899343358627803 31.956199147453702 71.91031061945085 19.775600420317872 ,0.375,5345.6
20 ,31.825535737516333 66.06161162222497 -25.330638581968955 2.81326024807494 49.7515173124755 -68.10173265309258 -65.12396199193958 -1.4559350484475004 74.22488047856689 ,0.5,7300.925
21 ,-34.391254997658095 23.771126995749597 44.97630055799672 -81.88275716042381 71.8766656010838 76.27788346014424 43.07593093543193 10.771763473707765 5.898822075465063 ,0.275,2215.125
22 ,18.937514501681434 40.969605488687165 21.599020530350032 54.77375062865224 82.92147880618847 -27.558410674603252 14.950824135827887 88.36261334047657 54.563335838554224 ,0.675,5980.4
23 ,-19.23797057426968 37.47054517452224 -44.48157597387063 -2.6946661737795807 58.67444926215549 84.6036008408505 51.370258993342475 -46.67755270942151 -40.776372930817104 ,0.4,4154.825
24 ,39.297997237651714 45.51735441159519 -49.87237871414276 32.222033273384 28.23976956932549 -62.18798569914872 -0.8365187700472063 86.60466313517338 74.98036697382778 ,0.75,8411.375
25 ,31.75868809872827 -98.41407876986628 -18.67708475746612 43.61298587730312 12.681326936442488 -62.18798569914872 -0.8365187700472063 86.60466313517338 74.98036697382778 ,0.525,5514.325
26 ,31.75868809872827 -98.41407876986628 8.167593273069528 18.518925627885707 9.026080409997817 -62.18798569914872 -0.8365187700472063 86.60466313517338 74.98036697382778 ,0.65,7488.5
27 ,39.297997237651714 45.51735441159519 -33.00174286935342 -77.2271859783283 88.76402125322522 -62.18798569914872 -0.8365187700472063 86.60466313517338 74.98036697382778 ,0.7,8522.15
28 ,31.75868809872827 -98.41407876986628 -28.74168579777188 -16.693676036909793 -97.32297302966117 -9.0 -0.8365187700472063 86.60466313517338 74.98036697382778 ,0.625,8386.95
29 ,18.937514501681434 40.969605488687165 -10.492809257264142 -64.89634549137895 -74.41511223613392 -62.18798569914872 -0.8365187700472063 86.60466313517338 74.98036697382778 ,0.6,9068.0
30 ,31.825535737516333 66.06161162222497 -25.330638581968955 2.81326024807494 49.7515173124755 -68.10173265309258 -65.12396199193958 -1.4559350484475004 74.22488047856689 ,0.675,9204.275
31 ,-34.391254997658095 23.771126995749597 44.97630055799672 -81.88275716042381 71.8766656010838 76.27788346014424 43.07593093543193 10.771763473707765 5.898822075465063 ,0.25,2082.475
32 ,-19.23797057426968 37.47054517452224 -44.48157597387063 -2.6946661737795807 58.67444926215549 84.6036008408505 51.370258993342475 -46.67755270942151 -40.776372930817104 ,0.375,4015.025
33 ,39.297997237651714 45.51735441159519 21.599020530350032 54.77375062865224 82.92147880618847 -62.18798569914872 -0.8365187700472063 86.60466313517338 74.98036697382778 ,0.675,7168.225
34 ,39.297997237651714 45.51735441159519 8.167593273069528 18.518925627885707 9.026080409997817 -62.18798569914872 -0.8365187700472063 86.60466313517338 74.98036697382778 ,0.8,8763.725
35 ,31.825535737516333 66.06161162222497 -49.87237871414276 32.222033273384 28.23976956932549 -62.18798569914872 -0.8365187700472063 86.60466313517338 74.98036697382778 ,0.525,6654.925
36 ,31.75868809872827 -98.41407876986628 -18.67708475746612 43.61298587730312 12.681326936442488 -62.18798569914872 -0.8365187700472063 86.60466313517338 74.98036697382778 ,0.7,8413.925
37 ,31.75868809872827 -98.41407876986628 -33.00174286935342 -77.2271859783283 88.76402125322522 -62.18798569914872 -0.8365187700472063 86.60466313517338 74.98036697382778 ,0.55,7227.3
38 ,39.297997237651714 45.51735441159519 -10.492809257264142 -64.89634549137895 -74.41511223613392 -62.18798569914872 -0.8365187700472063 86.60466313517338 74.98036697382778 ,0.475,6733.025
39 ,31.825535737516333 66.06161162222497 -25.330638581968955 2.81326024807494 49.7515173124755 -68.10173265309258 -65.12396199193958 -1.4559350484475004 74.22488047856689 ,0.65,9522.9
40 ,39.297997237651714 45.51735441159519 -28.74168579777188 -16.693676036909793 -97.32297302966117 -68.10173265309258 -65.12396199193958 -1.4559350484475004 74.22488047856689 ,0.675,11246.75
41 ,-34.391254997658095 23.771126995749597 44.97630055799672 -81.88275716042381 71.8766656010838 76.27788346014424 43.07593093543193 10.771763473707765 5.898822075465063 ,0.25,1969.275
42 ,-19.23797057426968 37.47054517452224 -44.48157597387063 -2.6946661737795807 58.67444926215549 84.6036008408505 51.370258993342475 -46.67755270942151 -40.776372930817104 ,0.4,3958.525
43 ,31.825535737516333 66.06161162222497 -33.00174286935342 -77.2271859783283 88.76402125322522 -62.18798569914872 -0.8365187700472063 86.60466313517338 74.98036697382778 ,0.55,6246.2
44 ,39.297997237651714 45.51735441159519 -49.87237871414276 32.222033273384 28.23976956932549 -62.18798569914872 -0.8365187700472063 86.60466313517338 74.98036697382778 ,0.675,8166.475
45 ,31.75868809872827 -98.41407876986628 -18.67708475746612 43.61298587730312 12.681326936442488 -62.18798569914872 -0.8365187700472063 86.60466313517338 74.98036697382778 ,0.6,6810.025
46 ,31.75868809872827 -98.41407876986628 8.167593273069528 18.518925627885707 9.026080409997817 -62.18798569914872 -0.8365187700472063 86.60466313517338 74.98036697382778 ,0.675,7344.55
47 ,39.297997237651714 45.51735441159519 -10.492809257264142 -64.89634549137895 -74.41511223613392 -62.18798569914872 -0.8365187700472063 -95.0 74.98036697382778 ,0.5,6772.55
48 ,39.297997237651714 45.51735441159519 21.599020530350032 54.77375062865224 82.92147880618847 -68.10173265309258 -65.12396199193958 86.60466313517338 74.22488047856689 ,0.7,9383.275
49 ,31.75868809872827 -98.41407876986628 -28.74168579777188 -16.693676036909793 -97.32297302966117 -62.18798569914872 -0.8365187700472063 86.60466313517338 74.98036697382778 ,0.625,9046.875
50 ,31.825535737516333 66.06161162222497 -25.330638581968955 2.81326024807494 49.7515173124755 -68.10173265309258 -65.12396199193958 -1.4559350484475004 74.22488047856689 ,0.6,9177.975
51 ,-34.391254997658095 23.771126995749597 44.97630055799672 -81.88275716042381 71.8766656010838 76.27788346014424 43.07593093543193 10.771763473707765 5.898822075465063 ,0.25,2103.025
52 ,39.297997237651714 45.51735441159519 21.599020530350032 54.77375062865224 82.92147880618847 -62.18798569914872 -0.8365187700472063 86.60466313517338 74.98036697382778 ,0.575,6454.6
53 ,-19.23797057426968 37.47054517452224 -44.48157597387063 -2.6946661737795807 58.67444926215549 84.6036008408505 51.370258993342475 -46.67755270942151 -40.776372930817104 ,0.3,3063.4
54 ,31.75868809872827 -98.41407876986628 -18.67708475746612 43.61298587730312 12.681326936442488 -62.18798569914872 -0.8365187700472063 86.60466313517338 74.98036697382778 ,0.65,7673.85
55 ,31.75868809872827 -98.41407876986628 -49.87237871414276 32.222033273384 28.23976956932549 -62.18798569914872 -0.8365187700472063 86.60466313517338 74.98036697382778 ,0.675,8494.85
56 ,39.297997237651714 45.51735441159519 8.167593273069528 18.518925627885707 9.026080409997817 -68.10173265309258 -65.12396199193958 86.60466313517338 74.22488047856689 ,0.675,10217.275
57 ,2.0 45.51735441159519 -10.492809257264142 -64.89634549137895 -74.41511223613392 -62.18798569914872 -0.8365187700472063 86.60466313517338 74.98036697382778 ,0.6,8813.775
58 ,39.297997237651714 45.51735441159519 -28.74168579777188 -16.693676036909793 -97.32297302966117 -62.18798569914872 -0.8365187700472063 86.60466313517338 74.98036697382778 ,0.75,11022.5
59 ,31.825535737516333 66.06161162222497 -25.330638581968955 2.81326024807494 49.7515173124755 -68.10173265309258 -65.12396199193958 -1.4559350484475004 74.22488047856689 ,0.625,9222.275
60 ,31.825535737516333 -98.41407876986628 -33.00174286935342 -77.2271859783283 88.76402125322522 -68.10173265309258 -65.12396199193958 86.60466313517338 74.22488047856689 ,0.55,8268.375
61 ,-34.391254997658095 23.771126995749597 44.97630055799672 -81.88275716042381 71.8766656010838 76.27788346014424 43.07593093543193 10.771763473707765 5.898822075465063 ,0.275,2360.85
62 ,-19.23797057426968 37.47054517452224 -44.48157597387063 -2.6946661737795807 58.67444926215549 84.6036008408505 51.370258993342475 -46.67755270942151 -40.776372930817104 ,0.45,5367.15
63 ,31.75868809872827 -98.41407876986628 -18.67708475746612 43.61298587730312 12.681326936442488 -62.18798569914872 -0.8365187700472063 86.60466313517338 74.98036697382778 ,0.6,6889.6
64 ,31.75868809872827 -98.41407876986628 -49.87237871414276 32.222033273384 28.23976956932549 -62.18798569914872 -0.8365187700472063 86.60466313517338 74.98036697382778 ,0.675,8950.4
65 ,31.825535737516333 66.06161162222497 -33.00174286935342 -77.2271859783283 88.76402125322522 -62.18798569914872 -0.8365187700472063 86.60466313517338 74.98036697382778 ,0.725,9223.775
66 ,31.75868809872827 -98.41407876986628 8.167593273069528 18.518925627885707 9.026080409997817 -62.18798569914872 -0.8365187700472063 86.60466313517338 74.98036697382778 ,0.7,9052.15
67 ,39.297997237651714 45.51735441159519 -10.492809257264142 -64.89634549137895 -74.41511223613392 -62.18798569914872 -0.8365187700472063 86.60466313517338 74.98036697382778 ,0.725,9366.675
68 ,39.297997237651714 45.51735441159519 21.599020530350032 54.77375062865224 82.92147880618847 -68.10173265309258 -65.12396199193958 -1.4559350484475004 74.22488047856689 ,0.75,10210.15
69 ,31.825535737516333 66.06161162222497 -25.330638581968955 2.81326024807494 49.7515173124755 -68.10173265309258 -65.12396199193958 -1.4559350484475004 74.22488047856689 ,0.75,9708.825
70 ,31.75868809872827 -98.41407876986628 -28.74168579777188 -16.693676036909793 -97.32297302966117 -62.18798569914872 -0.8365187700472063 86.60466313517338 74.98036697382778 ,0.525,7530.475
71 ,-34.391254997658095 23.771126995749597 44.97630055799672 -81.88275716042381 71.8766656010838 76.27788346014424 43.07593093543193 10.771763473707765 5.898822075465063 ,0.25,2133.75
72 ,39.297997237651714 45.51735441159519 21.599020530350032 54.77375062865224 82.92147880618847 -62.18798569914872 -0.8365187700472063 86.60466313517338 74.98036697382778 ,0.675,7670.325
73 ,-19.23797057426968 37.47054517452224 -44.48157597387063 -2.6946661737795807 58.67444926215549 84.6036008408505 51.370258993342475 -46.67755270942151 -40.776372930817104 ,0.375,4114.2
74 ,31.75868809872827 -98.41407876986628 -18.67708475746612 43.61298587730312 12.681326936442488 -62.18798569914872 -0.8365187700472063 86.60466313517338 74.98036697382778 ,0.625,7267.025
75 ,31.825535737516333 66.06161162222497 -28.74168579777188 -16.693676036909793 -97.32297302966117 -62.18798569914872 -0.8365187700472063 86.60466313517338 74.98036697382778 ,0.725,9741.925
76 ,31.825535737516333 66.06161162222497 8.167593273069528 18.518925627885707 9.026080409997817 -68.10173265309258 -65.12396199193958 -1.4559350484475004 74.22488047856689 ,0.775,10427.75
77 ,31.825535737516333 66.06161162222497 -25.330638581968955 2.81326024807494 49.7515173124755 -68.10173265309258 -65.12396199193958 -1.4559350484475004 74.22488047856689 ,0.7,10606.0
78 ,39.297997237651714 45.51735441159519 -10.492809257264142 -64.89634549137895 -74.41511223613392 -68.10173265309258 -65.12396199193958 -1.4559350484475004 74.22488047856689 ,0.575,8108.425
79 ,39.297997237651714 45.51735441159519 -49.87237871414276 32.222033273384 28.23976956932549 -68.10173265309258 -65.12396199193958 -1.4559350484475004 74.22488047856689 ,0.625,9655.575
80 ,31.75868809872827 -98.41407876986628 -33.00174286935342 -77.2271859783283 88.76402125322522 -68.10173265309258 -65.12396199193958 -1.4559350484475004 74.22488047856689 ,0.5,7790.75
81 ,-34.391254997658095 23.771126995749597 44.97630055799672 -81.88275716042381 71.8766656010838 76.27788346014424 43.07593093543193 10.771763473707765 5.898822075465063 ,0.275,2387.3
82 ,31.825535737516333 66.06161162222497 21.599020530350032 54.77375062865224 82.92147880618847 -62.18798569914872 -0.8365187700472063 86.60466313517338 74.98036697382778 ,0.675,6289.2
83 ,-19.23797057426968 37.47054517452224 -44.48157597387063 -2.6946661737795807 58.67444926215549 84.6036008408505 51.370258993342475 -46.67755270942151 -40.776372930817104 ,0.375,4043.85
84 ,39.297997237651714 45.51735441159519 -49.87237871414276 32.222033273384 28.23976956932549 -62.18798569914872 -0.8365187700472063 86.60466313517338 74.98036697382778 ,0.65,6885.625
85 ,31.75868809872827 -98.41407876986628 -18.67708475746612 43.61298587730312 12.681326936442488 -62.18798569914872 -0.8365187700472063 86.60466313517338 74.98036697382778 ,0.525,5876.35
86 ,31.825535737516333 66.06161162222497 8.167593273069528 18.518925627885707 9.026080409997817 -68.10173265309258 -65.12396199193958 -1.4559350484475004 74.22488047856689 ,0.7,9225.675
87 ,-67.0 66.06161162222497 -10.492809257264142 -64.89634549137895 -74.41511223613392 -62.18798569914872 -0.8365187700472063 86.60466313517338 74.98036697382778 ,0.525,7027.275
88 ,31.825535737516333 66.06161162222497 -28.74168579777188 -16.693676036909793 -97.32297302966117 -62.18798569914872 -0.8365187700472063 86.60466313517338 74.98036697382778 ,0.65,8627.325
89 ,31.825535737516333 66.06161162222497 -25.330638581968955 2.81326024807494 49.7515173124755 -68.10173265309258 -65.12396199193958 -1.4559350484475004 74.22488047856689 ,0.6,9158.6
90 ,31.75868809872827 -98.41407876986628 -33.00174286935342 -77.2271859783283 88.76402125322522 -68.10173265309258 -65.12396199193958 -1.4559350484475004 74.22488047856689 ,0.45,7340.775
91 ,-34.391254997658095 23.771126995749597 44.97630055799672 -81.88275716042381 71.8766656010838 76.27788346014424 43.07593093543193 10.771763473707765 5.898822075465063 ,0.225,1673.75
92 ,-19.23797057426968 37.47054517452224 -44.48157597387063 -2.6946661737795807 58.67444926215549 84.6036008408505 51.370258993342475 -46.67755270942151 -40.776372930817104 ,0.4,4379.775
93 ,31.825535737516333 66.06161162222497 -49.87237871414276 32.222033273384 28.23976956932549 -62.18798569914872 -0.8365187700472063 86.60466313517338 74.98036697382778 ,0.525,6419.675
94 ,31.75868809872827 -98.41407876986628 -18.67708475746612 43.61298587730312 12.681326936442488 -62.18798569914872 -0.8365187700472063 86.60466313517338 74.98036697382778 ,0.625,7440.625
95 ,31.825535737516333 66.06161162222497 21.599020530350032 54.77375062865224 82.92147880618847 -68.10173265309258 -65.12396199193958 -1.4559350484475004 74.22488047856689 ,0.675,9600.65
96 ,31.825535737516333 66.06161162222497 8.167593273069528 18.518925627885707 9.026080409997817 -68.10173265309258 -65.12396199193958 -1.4559350484475004 74.22488047856689 ,0.675,9459.1
97 ,31.825535737516333 66.06161162222497 -28.74168579777188 -16.693676036909793 -97.32297302966117 -62.18798569914872 -0.8365187700472063 86.60466313517338 74.98036697382778 ,0.65,9545.95
98 ,31.825535737516333 66.06161162222497 -25.330638581968955 2.81326024807494 49.7515173124755 -68.10173265309258 -65.12396199193958 -1.4559350484475004 74.22488047856689 ,0.675,9359.65
99 ,31.825535737516333 66.06161162222497 -33.00174286935342 -77.2271859783283 88.76402125322522 -68.10173265309258 -65.12396199193958 -1.4559350484475004 74.22488047856689 ,0.475,6965.7
100 ,-91.0 66.06161162222497 -10.492809257264142 -64.89634549137895 -74.41511223613392 -62.18798569914872 -0.8365187700472063 86.60466313517338 74.98036697382778 ,0.525,7759.75
101 ,-34.391254997658095 23.771126995749597 44.97630055799672 -81.88275716042381 71.8766656010838 76.27788346014424 43.07593093543193 10.771763473707765 5.898822075465063 ,0.275,2428.325
102 ,31.825535737516333 66.06161162222497 21.599020530350032 54.77375062865224 82.92147880618847 -62.18798569914872 -0.8365187700472063 86.60466313517338 74.98036697382778 ,0.575,5484.2
103 ,-19.23797057426968 37.47054517452224 -44.48157597387063 -2.6946661737795807 58.67444926215549 84.6036008408505 51.370258993342475 -46.67755270942151 -40.776372930817104 ,0.3,3139.175
104 ,31.75868809872827 -98.41407876986628 -18.67708475746612 43.61298587730312 12.681326936442488 -62.18798569914872 -0.8365187700472063 86.60466313517338 74.98036697382778 ,0.7,8070.75
105 ,31.825535737516333 66.06161162222497 -49.87237871414276 32.222033273384 28.23976956932549 -68.10173265309258 -65.12396199193958 -1.4559350484475004 74.22488047856689 ,0.6,8278.4
106 ,31.825535737516333 66.06161162222497 -28.74168579777188 -16.693676036909793 -97.32297302966117 -62.18798569914872 -0.8365187700472063 86.60466313517338 74.98036697382778 ,0.725,9714.775
107 ,59.0 66.06161162222497 8.167593273069528 18.518925627885707 9.026080409997817 -68.10173265309258 -65.12396199193958 -1.4559350484475004 74.22488047856689 ,0.75,11003.15
108 ,31.825535737516333 66.06161162222497 -25.330638581968955 2.81326024807494 49.7515173124755 -68.10173265309258 -65.12396199193958 -1.4559350484475004 74.22488047856689 ,0.55,8687.0
109 ,31.825535737516333 66.06161162222497 -10.492809257264142 -64.89634549137895 -74.41511223613392 -68.10173265309258 -65.12396199193958 -1.4559350484475004 74.22488047856689 ,0.525,8027.1
110 ,31.75868809872827 -98.41407876986628 -33.00174286935342 -77.2271859783283 88.76402125322522 -68.10173265309258 -65.12396199193958 -1.4559350484475004 74.22488047856689 ,0.5,8334.175
111 ,-34.391254997658095 23.771126995749597 44.97630055799672 -81.88275716042381 71.8766656010838 76.27788346014424 43.07593093543193 10.771763473707765 5.898822075465063 ,0.3,2573.75
112 ,59.0 66.06161162222497 21.599020530350032 54.77375062865224 82.92147880618847 -62.18798569914872 -0.8365187700472063 86.60466313517338 74.98036697382778 ,0.675,7259.875
113 ,-19.23797057426968 37.47054517452224 -44.48157597387063 -2.6946661737795807 58.67444926215549 84.6036008408505 51.370258993342475 -46.67755270942151 -40.776372930817104 ,0.525,5600.925
114 ,31.825535737516333 66.06161162222497 -49.87237871414276 32.222033273384 28.23976956932549 -62.18798569914872 -0.8365187700472063 86.60466313517338 74.98036697382778 ,0.5,5570.75
115 ,31.75868809872827 -98.41407876986628 -18.67708475746612 43.61298587730312 12.681326936442488 -62.18798569914872 -0.8365187700472063 86.60466313517338 74.98036697382778 ,0.775,9425.425
116 ,31.825535737516333 66.06161162222497 8.167593273069528 18.518925627885707 9.026080409997817 -68.10173265309258 -65.12396199193958 -1.4559350484475004 74.22488047856689 ,0.625,8947.925
117 ,59.0 66.06161162222497 -10.492809257264142 -64.89634549137895 -74.41511223613392 -62.18798569914872 -0.8365187700472063 86.60466313517338 25.0 ,0.8,11368.55
118 ,31.825535737516333 66.06161162222497 -33.00174286935342 -77.2271859783283 88.76402125322522 -68.10173265309258 -65.12396199193958 -1.4559350484475004 74.22488047856689 ,0.675,10064.6
119 ,31.825535737516333 66.06161162222497 -25.330638581968955 2.81326024807494 49.7515173124755 -68.10173265309258 -65.12396199193958 -1.4559350484475004 74.22488047856689 ,0.525,8243.425
120 ,31.825535737516333 66.06161162222497 -28.74168579777188 -16.693676036909793 -97.32297302966117 -68.10173265309258 -65.12396199193958 -1.4559350484475004 74.22488047856689 ,0.625,9322.475
121 ,-34.391254997658095 23.771126995749597 44.97630055799672 -81.88275716042381 71.8766656010838 76.27788346014424 43.07593093543193 10.771763473707765 5.898822075465063 ,0.225,1761.4
122 ,-19.23797057426968 37.47054517452224 -44.48157597387063 -2.6946661737795807 58.67444926215549 84.6036008408505 51.370258993342475 -46.67755270942151 -40.776372930817104 ,0.375,4217.7
123 ,59.0 66.06161162222497 -49.87237871414276 32.222033273384 28.23976956932549 -62.18798569914872 -0.8365187700472063 86.60466313517338 74.98036697382778 ,0.75,8979.45
124 ,31.75868809872827 -98.41407876986628 -18.67708475746612 43.61298587730312 12.681326936442488 -62.18798569914872 -0.8365187700472063 86.60466313517338 74.98036697382778 ,0.625,7645.15
125 ,31.75868809872827 -98.41407876986628 8.167593273069528 18.518925627885707 9.026080409997817 -62.18798569914872 -0.8365187700472063 86.60466313517338 25.0 ,0.65,8634.825
126 ,31.75868809872827 -98.41407876986628 -28.74168579777188 -16.693676036909793 -97.32297302966117 -62.18798569914872 -0.8365187700472063 86.60466313517338 74.98036697382778 ,0.6,7833.925
127 ,59.0 66.06161162222497 21.599020530350032 54.77375062865224 82.92147880618847 -68.10173265309258 -65.12396199193958 -1.4559350484475004 74.22488047856689 ,0.8,11768.75
128 ,31.825535737516333 66.06161162222497 -33.00174286935342 -77.2271859783283 88.76402125322522 -62.18798569914872 -0.8365187700472063 86.60466313517338 25.0 ,0.675,9005.875
129 ,59.0 66.06161162222497 -10.492809257264142 -64.89634549137895 -74.41511223613392 -62.18798569914872 -0.8365187700472063 86.60466313517338 74.98036697382778 ,0.55,8064.925
130 ,31.825535737516333 66.06161162222497 -25.330638581968955 2.81326024807494 49.7515173124755 -68.10173265309258 -65.12396199193958 -1.4559350484475004 74.22488047856689 ,0.65,9967.275
131 ,-34.391254997658095 23.771126995749597 44.97630055799672 -81.88275716042381 71.8766656010838 76.27788346014424 43.07593093543193 10.771763473707765 5.898822075465063 ,0.25,2074.35
132 ,31.825535737516333 66.06161162222497 -49.87237871414276 32.222033273384 28.23976956932549 -62.18798569914872 -0.8365187700472063 86.60466313517338 74.98036697382778 ,0.75,7363.2
133 ,-19.23797057426968 37.47054517452224 -44.48157597387063 -2.6946661737795807 58.67444926215549 84.6036008408505 51.370258993342475 -46.67755270942151 -40.776372930817104 ,0.325,3626.2
134 ,59.0 66.06161162222497 21.599020530350032 54.77375062865224 82.92147880618847 -62.18798569914872 -0.8365187700472063 86.60466313517338 25.0 ,0.775,8230.7
135 ,31.75868809872827 -98.41407876986628 -18.67708475746612 43.61298587730312 12.681326936442488 -62.18798569914872 -0.8365187700472063 86.60466313517338 74.98036697382778 ,0.575,6394.925
136 ,59.0 66.06161162222497 -10.492809257264142 -64.89634549137895 -74.41511223613392 -62.18798569914872 -0.8365187700472063 86.60466313517338 74.98036697382778 ,0.575,7511.1
137 ,59.0 66.06161162222497 8.167593273069528 18.518925627885707 9.026080409997817 -68.10173265309258 -65.12396199193958 -1.4559350484475004 74.22488047856689 ,0.725,9367.4
138 ,31.825535737516333 66.06161162222497 -25.330638581968955 2.81326024807494 49.7515173124755 -68.10173265309258 -65.12396199193958 -1.4559350484475004 74.22488047856689 ,0.575,8213.075
139 ,59.0 66.06161162222497 -28.74168579777188 -16.693676036909793 -97.32297302966117 -68.10173265309258 -65.12396199193958 -1.4559350484475004 74.22488047856689 ,0.7,11090.7
140 ,31.75868809872827 -98.41407876986628 -33.00174286935342 -77.2271859783283 88.76402125322522 -68.10173265309258 -65.12396199193958 -1.4559350484475004 74.22488047856689 ,0.4,6560.225
141 ,-34.391254997658095 23.771126995749597 44.97630055799672 -81.88275716042381 71.8766656010838 76.27788346014424 43.07593093543193 10.771763473707765 5.898822075465063 ,0.25,2019.3
142 ,59.0 66.06161162222497 21.599020530350032 54.77375062865224 82.92147880618847 -62.18798569914872 -0.8365187700472063 86.60466313517338 74.98036697382778 ,0.675,8061.15
143 ,-19.23797057426968 37.47054517452224 -44.48157597387063 -2.6946661737795807 58.67444926215549 84.6036008408505 51.370258993342475 -46.67755270942151 -40.776372930817104 ,0.35,4376.5
144 ,59.0 66.06161162222497 -49.87237871414276 32.222033273384 28.23976956932549 -62.18798569914872 -0.8365187700472063 86.60466313517338 74.98036697382778 ,0.725,8380.125
145 ,31.75868809872827 -98.41407876986628 -18.67708475746612 43.61298587730312 12.681326936442488 -62.18798569914872 -0.8365187700472063 86.60466313517338 74.98036697382778 ,0.6,7499.45
146 ,31.825535737516333 66.06161162222497 8.167593273069528 18.518925627885707 9.026080409997817 -62.18798569914872 -0.8365187700472063 86.60466313517338 25.0 ,0.75,9777.375
147 ,31.75868809872827 -98.41407876986628 -33.00174286935342 -77.2271859783283 88.76402125322522 -62.18798569914872 -0.8365187700472063 86.60466313517338 25.0 ,0.6,7953.25
148 ,59.0 66.06161162222497 -10.492809257264142 -64.89634549137895 -74.41511223613392 -62.18798569914872 -0.8365187700472063 86.60466313517338 74.98036697382778 ,0.7,9760.1
149 ,31.825535737516333 66.06161162222497 -25.330638581968955 2.81326024807494 49.7515173124755 -68.10173265309258 -65.12396199193958 -1.4559350484475004 74.22488047856689 ,0.55,7798.8
150 ,31.825535737516333 66.06161162222497 -28.74168579777188 -16.693676036909793 -97.32297302966117 -68.10173265309258 -65.12396199193958 -1.4559350484475004 74.22488047856689 ,0.45,7294.35
151 ,-34.391254997658095 23.771126995749597 44.97630055799672 -81.88275716042381 71.8766656010838 76.27788346014424 43.07593093543193 10.771763473707765 5.898822075465063 ,0.25,2079.8
152 ,31.825535737516333 66.06161162222497 21.599020530350032 54.77375062865224 82.92147880618847 -62.18798569914872 -0.8365187700472063 86.60466313517338 74.98036697382778 ,0.7,7251.45
153 ,-19.23797057426968 37.47054517452224 -44.48157597387063 -2.6946661737795807 58.67444926215549 84.6036008408505 51.370258993342475 -46.67755270942151 -40.776372930817104 ,0.4,4537.1
154 ,59.0 66.06161162222497 -49.87237871414276 32.222033273384 28.23976956932549 -62.18798569914872 -0.8365187700472063 86.60466313517338 74.98036697382778 ,0.775,9510.4
155 ,59.0 66.06161162222497 8.167593273069528 18.518925627885707 9.026080409997817 -62.18798569914872 -0.8365187700472063 86.60466313517338 25.0 ,0.7,9011.725
156 ,59.0 66.06161162222497 -28.74168579777188 -16.693676036909793 -97.32297302966117 -62.18798569914872 -0.8365187700472063 86.60466313517338 74.98036697382778 ,0.7,8635.4
157 ,31.75868809872827 -98.41407876986628 -18.67708475746612 43.61298587730312 12.681326936442488 -62.18798569914872 -0.8365187700472063 86.60466313517338 74.98036697382778 ,0.6,7883.5
158 ,31.825535737516333 66.06161162222497 -10.492809257264142 -64.89634549137895 -74.41511223613392 -62.18798569914872 -0.8365187700472063 86.60466313517338 74.98036697382778 ,0.575,7492.475
159 ,31.75868809872827 -98.41407876986628 -33.00174286935342 -77.2271859783283 88.76402125322522 -62.18798569914872 -0.8365187700472063 86.60466313517338 25.0 ,0.625,7918.75
160 ,31.825535737516333 66.06161162222497 -25.330638581968955 2.81326024807494 49.7515173124755 -68.10173265309258 -65.12396199193958 -1.4559350484475004 74.22488047856689 ,0.625,9539.25
161 ,-34.391254997658095 23.771126995749597 44.97630055799672 -81.88275716042381 71.8766656010838 76.27788346014424 43.07593093543193 10.771763473707765 5.898822075465063 ,0.325,2853.325
162 ,-19.23797057426968 37.47054517452224 -44.48157597387063 -2.6946661737795807 58.67444926215549 84.6036008408505 51.370258993342475 -46.67755270942151 -40.776372930817104 ,0.375,4037.775
163 ,59.0 66.06161162222497 -49.87237871414276 32.222033273384 28.23976956932549 -62.18798569914872 -0.8365187700472063 86.60466313517338 74.98036697382778 ,0.775,8409.425
164 ,59.0 66.06161162222497 8.167593273069528 18.518925627885707 9.026080409997817 -62.18798569914872 -0.8365187700472063 86.60466313517338 74.98036697382778 ,0.625,6865.45
165 ,59.0 66.06161162222497 21.599020530350032 54.77375062865224 82.92147880618847 -62.18798569914872 -0.8365187700472063 86.60466313517338 25.0 ,0.85,9925.225
166 ,31.75868809872827 -98.41407876986628 -18.67708475746612 43.61298587730312 12.681326936442488 -62.18798569914872 -0.8365187700472063 86.60466313517338 74.98036697382778 ,0.675,8289.7
167 ,59.0 66.06161162222497 -10.492809257264142 -64.89634549137895 -74.41511223613392 -62.18798569914872 -21.0 86.60466313517338 74.98036697382778 ,0.625,7305.625
168 ,59.0 66.06161162222497 -28.74168579777188 -16.693676036909793 -97.32297302966117 -62.18798569914872 -0.8365187700472063 86.60466313517338 25.0 ,0.875,12033.525
169 ,31.825535737516333 66.06161162222497 -25.330638581968955 2.81326024807494 49.7515173124755 -68.10173265309258 -65.12396199193958 -1.4559350484475004 74.22488047856689 ,0.65,9032.625
170 ,31.75868809872827 -98.41407876986628 -33.00174286935342 -77.2271859783283 88.76402125322522 -62.18798569914872 -0.8365187700472063 86.60466313517338 74.98036697382778 ,0.525,7550.0
171 ,-34.391254997658095 23.771126995749597 44.97630055799672 -81.88275716042381 71.8766656010838 76.27788346014424 43.07593093543193 10.771763473707765 5.898822075465063 ,0.25,2006.425
172 ,-19.23797057426968 37.47054517452224 -44.48157597387063 -2.6946661737795807 58.67444926215549 84.6036008408505 51.370258993342475 -46.67755270942151 -40.776372930817104 ,0.325,3749.1
173 ,31.75868809872827 -98.41407876986628 -18.67708475746612 43.61298587730312 12.681326936442488 -62.18798569914872 -0.8365187700472063 86.60466313517338 74.98036697382778 ,0.6,7104.225
174 ,59.0 66.06161162222497 8.167593273069528 18.518925627885707 9.026080409997817 -62.18798569914872 -0.8365187700472063 86.60466313517338 25.0 ,0.725,9072.1
175 ,31.825535737516333 66.06161162222497 -33.00174286935342 -77.2271859783283 88.76402125322522 -62.18798569914872 -0.8365187700472063 86.60466313517338 25.0 ,0.575,7668.875
176 ,59.0 66.06161162222497 -28.74168579777188 -16.693676036909793 -97.32297302966117 -62.18798569914872 -0.8365187700472063 86.60466313517338 74.98036697382778 ,0.575,8331.45
177 ,59.0 66.06161162222497 21.599020530350032 54.77375062865224 82.92147880618847 -62.18798569914872 -65.12396199193958 -1.4559350484475004 74.22488047856689 ,0.775,11091.85
178 ,31.75868809872827 -98.41407876986628 -49.87237871414276 32.222033273384 28.23976956932549 -62.18798569914872 -0.8365187700472063 86.60466313517338 25.0 ,0.675,9509.75
179 ,59.0 66.06161162222497 -10.492809257264142 -64.89634549137895 -74.41511223613392 80.0 -0.8365187700472063 86.60466313517338 25.0 ,0.475,7863.325
180 ,31.825535737516333 66.06161162222497 -25.330638581968955 2.81326024807494 49.7515173124755 -68.10173265309258 -65.12396199193958 -1.4559350484475004 74.22488047856689 ,0.625,9195.675
181 ,-34.391254997658095 23.771126995749597 44.97630055799672 -81.88275716042381 71.8766656010838 76.27788346014424 43.07593093543193 10.771763473707765 5.898822075465063 ,0.3,2243.725
182 ,-19.23797057426968 37.47054517452224 -44.48157597387063 -2.6946661737795807 58.67444926215549 84.6036008408505 51.370258993342475 -46.67755270942151 -40.776372930817104 ,0.3,3215.15
183 ,59.0 66.06161162222497 21.599020530350032 54.77375062865224 82.92147880618847 -62.18798569914872 -0.8365187700472063 86.60466313517338 74.98036697382778 ,0.65,7701.925
184 ,59.0 66.06161162222497 8.167593273069528 18.518925627885707 9.026080409997817 -62.18798569914872 -65.12396199193958 -1.4559350484475004 -67.0 ,0.775,8220.725
185 ,31.75868809872827 -98.41407876986628 -18.67708475746612 43.61298587730312 12.681326936442488 -62.18798569914872 -0.8365187700472063 86.60466313517338 74.98036697382778 ,0.575,6013.825
186 ,31.825535737516333 66.06161162222497 -49.87237871414276 32.222033273384 28.23976956932549 -62.18798569914872 -0.8365187700472063 86.60466313517338 25.0 ,0.625,8093.975
187 ,59.0 68.0 -10.492809257264142 -64.89634549137895 -74.41511223613392 -62.18798569914872 -0.8365187700472063 86.60466313517338 25.0 ,0.775,10439.4
188 ,31.825535737516333 66.06161162222497 -25.330638581968955 2.81326024807494 49.7515173124755 -68.10173265309258 -65.12396199193958 -1.4559350484475004 74.22488047856689 ,0.6,8647.55
189 ,31.75868809872827 -98.41407876986628 -33.00174286935342 -77.2271859783283 88.76402125322522 -62.18798569914872 -65.12396199193958 -1.4559350484475004 74.22488047856689 ,0.45,7129.275
190 ,59.0 66.06161162222497 -28.74168579777188 -16.693676036909793 -97.32297302966117 -68.10173265309258 -65.12396199193958 -1.4559350484475004 74.98036697382778 ,0.675,11028.325
191 ,-34.391254997658095 23.771126995749597 44.97630055799672 -81.88275716042381 71.8766656010838 76.27788346014424 43.07593093543193 10.771763473707765 5.898822075465063 ,0.3,2491.45
192 ,-19.23797057426968 37.47054517452224 -44.48157597387063 -2.6946661737795807 58.67444926215549 84.6036008408505 51.370258993342475 -46.67755270942151 -40.776372930817104 ,0.325,3498.725
193 ,59.0 66.06161162222497 21.599020530350032 54.77375062865224 82.92147880618847 -62.18798569914872 -0.8365187700472063 86.60466313517338 25.0 ,0.7,7729.575
194 ,59.0 68.0 8.167593273069528 18.518925627885707 9.026080409997817 -62.18798569914872 -65.12396199193958 -1.4559350484475004 -67.0 ,0.775,8985.75
195 ,31.75868809872827 -98.41407876986628 -18.67708475746612 43.61298587730312 12.681326936442488 -62.18798569914872 -0.8365187700472063 86.60466313517338 74.98036697382778 ,0.575,6908.25
196 ,59.0 66.06161162222497 -49.87237871414276 32.222033273384 28.23976956932549 -62.18798569914872 -0.8365187700472063 86.60466313517338 25.0 ,0.575,7343.025
197 ,31.825535737516333 66.06161162222497 -33.00174286935342 -77.2271859783283 88.76402125322522 -62.18798569914872 -65.12396199193958 -1.4559350484475004 -67.0 ,0.4,5043.05
198 ,59.0 68.0 -28.74168579777188 -16.693676036909793 -97.32297302966117 -62.18798569914872 -0.8365187700472063 86.60466313517338 74.98036697382778 ,0.675,8786.625
199 ,59.0 66.06161162222497 -10.492809257264142 -64.89634549137895 -74.41511223613392 -62.18798569914872 -0.8365187700472063 86.60466313517338 25.0 ,0.675,8467.125
200 ,31.825535737516333 66.06161162222497 -25.330638581968955 2.81326024807494 49.7515173124755 -68.10173265309258 -65.12396199193958 -1.4559350484475004 74.22488047856689 ,0.55,8325.05
201 ,-34.391254997658095 23.771126995749597 44.97630055799672 -81.88275716042381 71.8766656010838 76.27788346014424 43.07593093543193 10.771763473707765 5.898822075465063 ,0.275,2189.875
202 ,-19.23797057426968 37.47054517452224 -44.48157597387063 -2.6946661737795807 58.67444926215549 84.6036008408505 51.370258993342475 -46.67755270942151 -40.776372930817104 ,0.275,3193.35
203 ,59.0 68.0 21.599020530350032 54.77375062865224 82.92147880618847 -62.18798569914872 -0.8365187700472063 86.60466313517338 74.98036697382778 ,0.7,7890.275
204 ,31.75868809872827 -98.41407876986628 -18.67708475746612 43.61298587730312 12.681326936442488 -62.18798569914872 -0.8365187700472063 86.60466313517338 74.98036697382778 ,0.625,7173.225
205 ,59.0 66.06161162222497 8.167593273069528 18.518925627885707 9.026080409997817 -62.18798569914872 -65.12396199193958 86.0 -67.0 ,0.7,8206.675
206 ,31.75868809872827 -98.41407876986628 -33.00174286935342 -77.2271859783283 88.76402125322522 -62.18798569914872 -65.12396199193958 -1.4559350484475004 -67.0 ,0.475,5910.85
207 ,59.0 66.06161162222497 -49.87237871414276 32.222033273384 28.23976956932549 -62.18798569914872 -0.8365187700472063 86.60466313517338 25.0 ,0.8,10347.55
208 ,59.0 66.06161162222497 -28.74168579777188 -16.693676036909793 -97.32297302966117 -62.18798569914872 -0.8365187700472063 86.60466313517338 25.0 ,0.75,10421.5
209 ,59.0 68.0 -10.492809257264142 -64.89634549137895 -74.41511223613392 -62.18798569914872 -0.8365187700472063 86.60466313517338 25.0 ,0.7,9879.525
210 ,31.825535737516333 66.06161162222497 -25.330638581968955 2.81326024807494 49.7515173124755 -68.10173265309258 -65.12396199193958 -1.4559350484475004 74.22488047856689 ,0.65,9471.75
211 ,-34.391254997658095 23.771126995749597 44.97630055799672 -81.88275716042381 71.8766656010838 76.27788346014424 43.07593093543193 10.771763473707765 5.898822075465063 ,0.25,2251.275
212 ,-19.23797057426968 37.47054517452224 -44.48157597387063 -2.6946661737795807 58.67444926215549 84.6036008408505 51.370258993342475 -46.67755270942151 -40.776372930817104 ,0.45,5074.075
213 ,59.0 66.06161162222497 21.599020530350032 54.77375062865224 82.92147880618847 -62.18798569914872 -0.8365187700472063 86.60466313517338 25.0 ,0.725,8283.175
214 ,31.75868809872827 -98.41407876986628 -18.67708475746612 43.61298587730312 12.681326936442488 -62.18798569914872 -0.8365187700472063 86.60466313517338 74.98036697382778 ,0.7,8607.0
215 ,59.0 68.0 -33.00174286935342 -77.2271859783283 88.76402125322522 -62.18798569914872 -0.8365187700472063 86.60466313517338 25.0 ,0.7,9263.65
216 ,59.0 66.06161162222497 -49.87237871414276 32.222033273384 28.23976956932549 -62.18798569914872 -0.8365187700472063 86.60466313517338 25.0 ,0.775,9966.1
217 ,-49.0 66.06161162222497 8.167593273069528 18.518925627885707 9.026080409997817 -62.18798569914872 -0.8365187700472063 86.60466313517338 25.0 ,0.625,8792.975
218 ,59.0 66.06161162222497 -10.492809257264142 -64.89634549137895 -74.41511223613392 -62.18798569914872 -0.8365187700472063 86.60466313517338 25.0 ,0.85,11550.025
219 ,59.0 66.06161162222497 -28.74168579777188 -16.693676036909793 -97.32297302966117 -62.18798569914872 -65.12396199193958 86.0 -67.0 ,0.725,9791.0
220 ,31.825535737516333 66.06161162222497 -25.330638581968955 2.81326024807494 49.7515173124755 -68.10173265309258 -65.12396199193958 -1.4559350484475004 74.22488047856689 ,0.575,8073.85
221 ,-34.391254997658095 23.771126995749597 44.97630055799672 -81.88275716042381 71.8766656010838 76.27788346014424 43.07593093543193 10.771763473707765 5.898822075465063 ,0.225,1710.775
222 ,-19.23797057426968 37.47054517452224 -44.48157597387063 -2.6946661737795807 58.67444926215549 84.6036008408505 51.370258993342475 -46.67755270942151 -40.776372930817104 ,0.4,4345.95
223 ,59.0 66.06161162222497 21.599020530350032 54.77375062865224 82.92147880618847 -62.18798569914872 -0.8365187700472063 86.60466313517338 74.98036697382778 ,0.65,7777.35
224 ,31.75868809872827 -98.41407876986628 -18.67708475746612 43.61298587730312 12.681326936442488 -62.18798569914872 -0.8365187700472063 86.60466313517338 74.98036697382778 ,0.575,6603.65
225 ,59.0 66.06161162222497 -49.87237871414276 32.222033273384 28.23976956932549 -62.18798569914872 -0.8365187700472063 86.60466313517338 25.0 ,0.575,6639.925
226 ,59.0 66.06161162222497 8.167593273069528 18.518925627885707 9.026080409997817 -62.18798569914872 -0.8365187700472063 86.60466313517338 25.0 ,0.775,9602.85
227 ,59.0 66.06161162222497 -28.74168579777188 -16.693676036909793 -97.32297302966117 -62.18798569914872 -0.8365187700472063 86.60466313517338 25.0 ,0.825,11283.1
228 ,31.75868809872827 -98.41407876986628 -33.00174286935342 -77.2271859783283 88.76402125322522 -62.18798569914872 -0.8365187700472063 86.60466313517338 25.0 ,0.65,10230.475
229 ,31.825535737516333 66.06161162222497 -25.330638581968955 2.81326024807494 49.7515173124755 -68.10173265309258 -65.12396199193958 -1.4559350484475004 74.22488047856689 ,0.625,9528.725
230 ,59.0 -95.0 -10.492809257264142 -64.89634549137895 -74.41511223613392 -62.18798569914872 -0.8365187700472063 86.60466313517338 25.0 ,0.575,8575.8
231 ,-34.391254997658095 23.771126995749597 44.97630055799672 -81.88275716042381 71.8766656010838 76.27788346014424 43.07593093543193 10.771763473707765 5.898822075465063 ,0.2,1622.4
232 ,-19.23797057426968 37.47054517452224 -44.48157597387063 -2.6946661737795807 58.67444926215549 84.6036008408505 51.370258993342475 -46.67755270942151 -40.776372930817104 ,0.3,3390.925
233 ,31.75868809872827 -98.41407876986628 -18.67708475746612 43.61298587730312 12.681326936442488 -62.18798569914872 -0.8365187700472063 86.60466313517338 74.98036697382778 ,0.625,7959.075
234 ,59.0 66.06161162222497 -49.87237871414276 32.222033273384 28.23976956932549 -62.18798569914872 -0.8365187700472063 86.60466313517338 25.0 ,0.8,10090.125
235 ,59.0 66.06161162222497 8.167593273069528 18.518925627885707 9.026080409997817 -62.18798569914872 -0.8365187700472063 86.60466313517338 25.0 ,0.675,8572.875
236 ,59.0 66.06161162222497 -28.74168579777188 -16.693676036909793 -97.32297302966117 -62.18798569914872 -0.8365187700472063 86.60466313517338 74.98036697382778 ,0.675,9482.0
237 ,31.825535737516333 66.06161162222497 -33.00174286935342 -77.2271859783283 88.76402125322522 -62.18798569914872 -0.8365187700472063 86.60466313517338 25.0 ,0.55,8310.925
238 ,59.0 66.06161162222497 -10.492809257264142 -64.89634549137895 -74.41511223613392 -62.18798569914872 -0.8365187700472063 86.60466313517338 25.0 ,0.725,10254.9
239 ,59.0 66.06161162222497 21.599020530350032 54.77375062865224 82.92147880618847 -68.10173265309258 -65.12396199193958 -1.4559350484475004 74.22488047856689 ,0.7,9759.85
240 ,31.825535737516333 66.06161162222497 -25.330638581968955 2.81326024807494 49.7515173124755 -68.10173265309258 -65.12396199193958 -1.4559350484475004 74.22488047856689 ,0.675,9332.625
241 ,-34.391254997658095 23.771126995749597 44.97630055799672 -81.88275716042381 71.8766656010838 76.27788346014424 43.07593093543193 10.771763473707765 5.898822075465063 ,0.3,2661.45
242 ,-19.23797057426968 37.47054517452224 -44.48157597387063 -2.6946661737795807 58.67444926215549 84.6036008408505 51.370258993342475 -46.67755270942151 -40.776372930817104 ,0.325,3829.625
243 ,59.0 66.06161162222497 8.167593273069528 18.518925627885707 9.026080409997817 -62.18798569914872 -0.8365187700472063 86.60466313517338 25.0 ,0.725,8530.6
244 ,59.0 66.06161162222497 -28.74168579777188 -16.693676036909793 -97.32297302966117 -62.18798569914872 -0.8365187700472063 86.60466313517338 74.98036697382778 ,0.775,9440.4
245 ,31.75868809872827 -98.41407876986628 -18.67708475746612 43.61298587730312 12.681326936442488 -62.18798569914872 -0.8365187700472063 86.60466313517338 74.98036697382778 ,0.7,9020.15
246 ,59.0 66.06161162222497 21.599020530350032 54.77375062865224 82.92147880618847 -68.10173265309258 -65.12396199193958 -1.4559350484475004 74.22488047856689 ,0.7,9299.0
247 ,59.0 66.06161162222497 -49.87237871414276 32.222033273384 28.23976956932549 -62.18798569914872 -0.8365187700472063 86.60466313517338 25.0 ,0.8,10882.75
248 ,31.825535737516333 66.06161162222497 -33.00174286935342 -77.2271859783283 88.76402125322522 -62.18798569914872 -0.8365187700472063 86.60466313517338 25.0 ,0.625,8172.95
249 ,59.0 66.06161162222497 -10.492809257264142 -64.89634549137895 -74.41511223613392 -62.18798569914872 -0.8365187700472063 86.60466313517338 25.0 ,0.75,10262.975
250 ,31.825535737516333 66.06161162222497 -25.330638581968955 2.81326024807494 49.7515173124755 -68.10173265309258 -65.12396199193958 -1.4559350484475004 74.22488047856689 ,0.6,8825.25
251 ,-34.391254997658095 23.771126995749597 44.97630055799672 -81.88275716042381 71.8766656010838 76.27788346014424 43.07593093543193 10.771763473707765 5.898822075465063 ,0.275,2280.95
252 ,-19.23797057426968 37.47054517452224 -44.48157597387063 -2.6946661737795807 58.67444926215549 84.6036008408505 51.370258993342475 -46.67755270942151 -40.776372930817104 ,0.225,2365.85
253 ,59.0 66.06161162222497 21.599020530350032 54.77375062865224 82.92147880618847 -62.18798569914872 -0.8365187700472063 86.60466313517338 74.98036697382778 ,0.75,7838.825
254 ,59.0 66.06161162222497 -49.87237871414276 32.222033273384 28.23976956932549 -62.18798569914872 -0.8365187700472063 86.60466313517338 74.98036697382778 ,0.7,7891.45
255 ,31.75868809872827 -98.41407876986628 -18.67708475746612 43.61298587730312 12.681326936442488 -62.18798569914872 -0.8365187700472063 86.60466313517338 74.98036697382778 ,0.7,8119.775
256 ,59.0 66.06161162222497 8.167593273069528 18.518925627885707 9.026080409997817 -62.18798569914872 -0.8365187700472063 86.60466313517338 25.0 ,0.8,10232.925
257 ,59.0 -15.0 -10.492809257264142 -64.89634549137895 -74.41511223613392 -62.18798569914872 -0.8365187700472063 86.60466313517338 74.98036697382778 ,0.675,9251.625
258 ,59.0 66.06161162222497 -28.74168579777188 -16.693676036909793 -97.32297302966117 -62.18798569914872 -0.8365187700472063 86.60466313517338 25.0 ,0.775,10938.5
259 ,31.825535737516333 66.06161162222497 -25.330638581968955 2.81326024807494 49.7515173124755 -68.10173265309258 -65.12396199193958 -1.4559350484475004 74.22488047856689 ,0.575,8383.875
260 ,31.75868809872827 -98.41407876986628 -33.00174286935342 -77.2271859783283 88.76402125322522 -62.18798569914872 -0.8365187700472063 86.60466313517338 25.0 ,0.425,6483.65
261 ,-34.391254997658095 23.771126995749597 44.97630055799672 -81.88275716042381 71.8766656010838 76.27788346014424 43.07593093543193 10.771763473707765 5.898822075465063 ,0.275,2361.65
262 ,59.0 66.06161162222497 21.599020530350032 54.77375062865224 82.92147880618847 -62.18798569914872 -0.8365187700472063 86.60466313517338 74.98036697382778 ,0.6,6882.3
263 ,-19.23797057426968 37.47054517452224 -44.48157597387063 -2.6946661737795807 58.67444926215549 84.6036008408505 51.370258993342475 -46.67755270942151 -40.776372930817104 ,0.475,5703.525
264 ,31.75868809872827 -98.41407876986628 -18.67708475746612 43.61298587730312 12.681326936442488 -62.18798569914872 -0.8365187700472063 86.60466313517338 74.98036697382778 ,0.575,6798.25
265 ,59.0 66.06161162222497 8.167593273069528 18.518925627885707 9.026080409997817 -62.18798569914872 -0.8365187700472063 86.60466313517338 25.0 ,0.8,10109.95
266 ,59.0 66.06161162222497 -28.74168579777188 -16.693676036909793 -97.32297302966117 -62.18798569914872 -0.8365187700472063 86.60466313517338 74.98036697382778 ,0.85,11464.475
267 ,59.0 66.06161162222497 -33.00174286935342 -77.2271859783283 88.76402125322522 -62.18798569914872 -0.8365187700472063 86.60466313517338 25.0 ,0.6,8218.55
268 ,59.0 66.06161162222497 -10.492809257264142 -64.89634549137895 -74.41511223613392 -62.18798569914872 -0.8365187700472063 86.60466313517338 25.0 ,0.675,8893.575
269 ,31.825535737516333 66.06161162222497 -25.330638581968955 2.81326024807494 49.7515173124755 -68.10173265309258 -65.12396199193958 -1.4559350484475004 74.22488047856689 ,0.525,8432.7
270 ,31.75868809872827 -98.41407876986628 -49.87237871414276 32.222033273384 28.23976956932549 -62.18798569914872 -0.8365187700472063 86.60466313517338 25.0 ,0.625,10048.225
271 ,-34.391254997658095 23.771126995749597 44.97630055799672 -81.88275716042381 71.8766656010838 76.27788346014424 43.07593093543193 10.771763473707765 5.898822075465063 ,0.3,2654.55
272 ,-19.23797057426968 37.47054517452224 -44.48157597387063 -2.6946661737795807 58.67444926215549 84.6036008408505 51.370258993342475 -46.67755270942151 -40.776372930817104 ,0.425,4182.625
273 ,31.75868809872827 -98.41407876986628 -18.67708475746612 43.61298587730312 12.681326936442488 -62.18798569914872 -0.8365187700472063 86.60466313517338 74.98036697382778 ,0.7,7402.425
274 ,59.0 66.06161162222497 -33.00174286935342 -77.2271859783283 88.76402125322522 -62.18798569914872 -0.8365187700472063 86.60466313517338 74.98036697382778 ,0.55,6354.225
275 ,59.0 66.06161162222497 21.599020530350032 54.77375062865224 82.92147880618847 -62.18798569914872 -0.8365187700472063 86.60466313517338 25.0 ,0.8,9193.475
276 ,59.0 66.06161162222497 8.167593273069528 18.518925627885707 9.026080409997817 -62.18798569914872 -0.8365187700472063 86.60466313517338 74.98036697382778 ,0.8,9504.3
277 ,31.75868809872827 -98.41407876986628 -49.87237871414276 32.222033273384 28.23976956932549 -62.18798569914872 -0.8365187700472063 86.60466313517338 25.0 ,0.75,9863.55
278 ,59.0 66.06161162222497 -28.74168579777188 -16.693676036909793 -97.32297302966117 -62.18798569914872 -0.8365187700472063 86.60466313517338 25.0 ,0.75,11134.225
279 ,59.0 66.06161162222497 -10.492809257264142 -64.89634549137895 -74.41511223613392 -62.18798569914872 -0.8365187700472063 43.0 25.0 ,0.9,13031.15
280 ,31.825535737516333 66.06161162222497 -25.330638581968955 2.81326024807494 49.7515173124755 -68.10173265309258 -65.12396199193958 -1.4559350484475004 74.22488047856689 ,0.525,7567.2
281 ,-34.391254997658095 23.771126995749597 44.97630055799672 -81.88275716042381 71.8766656010838 76.27788346014424 43.07593093543193 10.771763473707765 5.898822075465063 ,0.325,2773.0
282 ,-19.23797057426968 37.47054517452224 -44.48157597387063 -2.6946661737795807 58.67444926215549 84.6036008408505 51.370258993342475 -46.67755270942151 -40.776372930817104 ,0.325,3700.7
283 ,59.0 66.06161162222497 8.167593273069528 18.518925627885707 9.026080409997817 -62.18798569914872 -0.8365187700472063 43.0 25.0 ,0.9,9960.475
284 ,59.0 66.06161162222497 21.599020530350032 54.77375062865224 82.92147880618847 -62.18798569914872 -0.8365187700472063 86.60466313517338 25.0 ,0.6,6362.475
285 ,31.75868809872827 -98.41407876986628 -18.67708475746612 43.61298587730312 12.681326936442488 -62.18798569914872 -0.8365187700472063 86.60466313517338 74.98036697382778 ,0.6,6775.35
286 ,59.0 66.06161162222497 -33.00174286935342 -77.2271859783283 88.76402125322522 -62.18798569914872 -0.8365187700472063 43.0 25.0 ,0.7,9274.775
287 ,31.75868809872827 -98.41407876986628 -49.87237871414276 32.222033273384 28.23976956932549 -62.18798569914872 -0.8365187700472063 86.60466313517338 25.0 ,0.675,9793.9
288 ,93.0 66.06161162222497 -10.492809257264142 -64.89634549137895 -74.41511223613392 -62.18798569914872 -0.8365187700472063 86.60466313517338 25.0 ,0.825,11582.175
289 ,59.0 66.06161162222497 -28.74168579777188 -16.693676036909793 -97.32297302966117 -62.18798569914872 -0.8365187700472063 86.60466313517338 25.0 ,0.8,11734.9
290 ,31.825535737516333 66.06161162222497 -25.330638581968955 2.81326024807494 49.7515173124755 -68.10173265309258 -65.12396199193958 -1.4559350484475004 74.22488047856689 ,0.725,10925.8
291 ,-34.391254997658095 23.771126995749597 44.97630055799672 -81.88275716042381 71.8766656010838 76.27788346014424 43.07593093543193 10.771763473707765 5.898822075465063 ,0.225,1853.275
292 ,-19.23797057426968 37.47054517452224 -44.48157597387063 -2.6946661737795807 58.67444926215549 84.6036008408505 51.370258993342475 -46.67755270942151 -40.776372930817104 ,0.45,5215.15
293 ,59.0 66.06161162222497 21.599020530350032 54.77375062865224 82.92147880618847 -62.18798569914872 -0.8365187700472063 43.0 25.0 ,0.75,8693.9
294 ,93.0 66.06161162222497 8.167593273069528 18.518925627885707 9.026080409997817 -62.18798569914872 -0.8365187700472063 43.0 25.0 ,0.8,9417.525
295 ,31.75868809872827 -98.41407876986628 -18.67708475746612 43.61298587730312 12.681326936442488 -62.18798569914872 -0.8365187700472063 86.60466313517338 74.98036697382778 ,0.625,7803.7
296 ,31.825535737516333 66.06161162222497 -49.87237871414276 32.222033273384 28.23976956932549 -62.18798569914872 -0.8365187700472063 86.60466313517338 25.0 ,0.775,9819.625
297 ,59.0 66.06161162222497 -33.00174286935342 -77.2271859783283 88.76402125322522 -62.18798569914872 -0.8365187700472063 43.0 25.0 ,0.6,8555.1
298 ,31.825535737516333 66.06161162222497 -25.330638581968955 2.81326024807494 49.7515173124755 -68.10173265309258 -65.12396199193958 -1.4559350484475004 74.22488047856689 ,0.625,8989.525
299 ,93.0 66.06161162222497 -28.74168579777188 -16.693676036909793 -97.32297302966117 -68.10173265309258 -65.12396199193958 -1.4559350484475004 74.22488047856689 ,0.7,9872.025
300 ,59.0 66.06161162222497 -10.492809257264142 -64.89634549137895 -74.41511223613392 -62.18798569914872 -0.8365187700472063 86.60466313517338 25.0 ,0.725,10212.8
301 ,-34.391254997658095 23.771126995749597 44.97630055799672 -81.88275716042381 71.8766656010838 76.27788346014424 43.07593093543193 10.771763473707765 5.898822075465063 ,0.25,2015.2
302 ,-19.23797057426968 37.47054517452224 -44.48157597387063 -2.6946661737795807 58.67444926215549 84.6036008408505 51.370258993342475 -46.67755270942151 -40.776372930817104 ,0.375,4342.4
303 ,31.75868809872827 -98.41407876986628 -18.67708475746612 43.61298587730312 12.681326936442488 -62.18798569914872 -0.8365187700472063 86.60466313517338 74.98036697382778 ,0.55,6337.0
304 ,59.0 66.06161162222497 -49.87237871414276 32.222033273384 28.23976956932549 -62.18798569914872 -0.8365187700472063 86.60466313517338 25.0 ,0.7,8891.25
305 ,31.825535737516333 66.06161162222497 8.167593273069528 18.518925627885707 9.026080409997817 -62.18798569914872 -0.8365187700472063 43.0 25.0 ,0.75,9904.65
306 ,93.0 66.06161162222497 21.599020530350032 54.77375062865224 82.92147880618847 -68.10173265309258 -65.12396199193958 -1.4559350484475004 74.22488047856689 ,0.725,10256.775
307 ,93.0 66.06161162222497 -33.00174286935342 -77.2271859783283 88.76402125322522 -62.18798569914872 -0.8365187700472063 43.0 25.0 ,0.625,7681.375
308 ,31.825535737516333 66.06161162222497 -25.330638581968955 2.81326024807494 49.7515173124755 -68.10173265309258 -65.12396199193958 -1.4559350484475004 74.22488047856689 ,0.625,7928.575
309 ,93.0 66.06161162222497 -10.492809257264142 -64.89634549137895 -74.41511223613392 -62.18798569914872 -0.8365187700472063 86.60466313517338 25.0 ,0.825,12062.6
310 ,31.825535737516333 66.06161162222497 -28.74168579777188 -16.693676036909793 -97.32297302966117 -62.18798569914872 -0.8365187700472063 86.60466313517338 25.0 ,0.7,10817.275
311 ,-34.391254997658095 23.771126995749597 44.97630055799672 -81.88275716042381 71.8766656010838 76.27788346014424 43.07593093543193 10.771763473707765 5.898822075465063 ,0.275,2209.95
312 ,31.75868809872827 -98.41407876986628 -18.67708475746612 43.61298587730312 12.681326936442488 -62.18798569914872 -0.8365187700472063 86.60466313517338 74.98036697382778 ,0.55,5240.325
313 ,-19.23797057426968 37.47054517452224 -44.48157597387063 -2.6946661737795807 58.67444926215549 84.6036008408505 51.370258993342475 -46.67755270942151 -40.776372930817104 ,0.425,4444.5
314 ,93.0 66.06161162222497 21.599020530350032 54.77375062865224 82.92147880618847 -62.18798569914872 -0.8365187700472063 86.60466313517338 25.0 ,0.675,7981.925
315 ,31.825535737516333 66.06161162222497 8.167593273069528 18.518925627885707 9.026080409997817 -62.18798569914872 -0.8365187700472063 86.60466313517338 25.0 ,0.65,8396.875
316 ,59.0 66.06161162222497 -49.87237871414276 32.222033273384 28.23976956932549 -62.18798569914872 -0.8365187700472063 43.0 25.0 ,0.775,9401.95
317 ,31.825535737516333 66.06161162222497 -33.00174286935342 -77.2271859783283 88.76402125322522 -62.18798569914872 -0.8365187700472063 86.60466313517338 25.0 ,0.625,9030.4
318 ,93.0 66.06161162222497 -10.492809257264142 -64.89634549137895 -74.41511223613392 -62.18798569914872 -0.8365187700472063 43.0 25.0 ,0.825,11935.925
319 ,31.825535737516333 66.06161162222497 -28.74168579777188 -16.693676036909793 -97.32297302966117 -62.18798569914872 -0.8365187700472063 86.60466313517338 25.0 ,0.8,11895.2
320 ,31.825535737516333 66.06161162222497 -25.330638581968955 2.81326024807494 49.7515173124755 -68.10173265309258 -65.12396199193958 -1.4559350484475004 74.22488047856689 ,0.475,7660.425
321 ,-34.391254997658095 23.771126995749597 44.97630055799672 -81.88275716042381 71.8766656010838 76.27788346014424 43.07593093543193 10.771763473707765 5.898822075465063 ,0.25,2222.3
322 ,-19.23797057426968 37.47054517452224 -44.48157597387063 -2.6946661737795807 58.67444926215549 84.6036008408505 51.370258993342475 -46.67755270942151 -40.776372930817104 ,0.375,3600.9
323 ,93.0 66.06161162222497 21.599020530350032 54.77375062865224 82.92147880618847 -62.18798569914872 -0.8365187700472063 86.60466313517338 25.0 ,0.75,7937.6
324 ,31.75868809872827 -98.41407876986628 -18.67708475746612 43.61298587730312 12.681326936442488 -62.18798569914872 -0.8365187700472063 86.60466313517338 74.98036697382778 ,0.625,7412.5
325 ,93.0 66.06161162222497 -49.87237871414276 32.222033273384 28.23976956932549 -62.18798569914872 -0.8365187700472063 86.60466313517338 25.0 ,0.775,9290.7
326 ,31.825535737516333 66.06161162222497 8.167593273069528 18.518925627885707 9.026080409997817 -62.18798569914872 -0.8365187700472063 43.0 25.0 ,0.85,10216.4
327 ,93.0 66.06161162222497 -10.492809257264142 -64.89634549137895 -74.41511223613392 -62.18798569914872 -0.8365187700472063 86.60466313517338 25.0 ,0.875,11311.425
328 ,31.825535737516333 66.06161162222497 -33.00174286935342 -77.2271859783283 88.76402125322522 -62.18798569914872 -0.8365187700472063 43.0 25.0 ,0.7,9217.775
329 ,31.825535737516333 66.06161162222497 -28.74168579777188 -16.693676036909793 -97.32297302966117 -62.18798569914872 -0.8365187700472063 86.60466313517338 25.0 ,0.65,10037.4
330 ,31.825535737516333 66.06161162222497 -25.330638581968955 2.81326024807494 49.7515173124755 -68.10173265309258 -65.12396199193958 -1.4559350484475004 74.22488047856689 ,0.6,9017.5
331 ,-34.391254997658095 23.771126995749597 44.97630055799672 -81.88275716042381 71.8766656010838 76.27788346014424 43.07593093543193 10.771763473707765 5.898822075465063 ,0.25,2017.075
332 ,-19.23797057426968 37.47054517452224 -44.48157597387063 -2.6946661737795807 58.67444926215549 84.6036008408505 51.370258993342475 -46.67755270942151 -40.776372930817104 ,0.375,4222.575
333 ,31.75868809872827 -98.41407876986628 -18.67708475746612 43.61298587730312 12.681326936442488 -62.18798569914872 -0.8365187700472063 86.60466313517338 74.98036697382778 ,0.675,8149.575
334 ,93.0 66.06161162222497 21.599020530350032 54.77375062865224 82.92147880618847 -62.18798569914872 -0.8365187700472063 43.0 25.0 ,0.775,9689.35
335 ,93.0 66.06161162222497 -49.87237871414276 32.222033273384 28.23976956932549 -62.18798569914872 -0.8365187700472063 43.0 25.0 ,0.8,9619.275
336 ,31.825535737516333 66.06161162222497 8.167593273069528 18.518925627885707 9.026080409997817 -62.18798569914872 -0.8365187700472063 86.60466313517338 25.0 ,0.825,11147.175
337 ,31.825535737516333 66.06161162222497 -33.00174286935342 -77.2271859783283 88.76402125322522 -62.18798569914872 -0.8365187700472063 86.60466313517338 25.0 ,0.525,7520.625
338 ,31.825535737516333 66.06161162222497 -28.74168579777188 -16.693676036909793 -97.32297302966117 -62.18798569914872 -0.8365187700472063 86.60466313517338 25.0 ,0.725,10334.9
339 ,93.0 66.06161162222497 -10.492809257264142 -64.89634549137895 -74.41511223613392 -62.18798569914872 -0.8365187700472063 43.0 25.0 ,0.825,11850.325
340 ,31.825535737516333 66.06161162222497 -25.330638581968955 2.81326024807494 49.7515173124755 -68.10173265309258 -65.12396199193958 -1.4559350484475004 74.22488047856689 ,0.625,9396.775
341 ,-34.391254997658095 23.771126995749597 44.97630055799672 -81.88275716042381 71.8766656010838 76.27788346014424 43.07593093543193 10.771763473707765 5.898822075465063 ,0.2,1597.45
342 ,-19.23797057426968 37.47054517452224 -44.48157597387063 -2.6946661737795807 58.67444926215549 84.6036008408505 51.370258993342475 -46.67755270942151 -40.776372930817104 ,0.375,4221.075
343 ,31.75868809872827 -98.41407876986628 -18.67708475746612 43.61298587730312 12.681326936442488 -62.18798569914872 -0.8365187700472063 86.60466313517338 74.98036697382778 ,0.6,7100.125
344 ,31.825535737516333 66.06161162222497 21.599020530350032 54.77375062865224 82.92147880618847 -62.18798569914872 -0.8365187700472063 86.60466313517338 25.0 ,0.7,8217.925
345 ,56.0 66.06161162222497 8.167593273069528 18.518925627885707 9.026080409997817 -62.18798569914872 -0.8365187700472063 86.60466313517338 25.0 ,0.775,10483.35
346 ,93.0 66.06161162222497 -49.87237871414276 32.222033273384 28.23976956932549 -62.18798569914872 -0.8365187700472063 43.0 25.0 ,0.875,12032.125
347 ,31.825535737516333 66.06161162222497 -28.74168579777188 -16.693676036909793 -97.32297302966117 -62.18798569914872 -0.8365187700472063 43.0 25.0 ,0.85,11501.475
348 ,31.825535737516333 66.06161162222497 -10.492809257264142 -64.89634549137895 -74.41511223613392 -62.18798569914872 -0.8365187700472063 43.0 25.0 ,0.775,11430.625
349 ,31.825535737516333 66.06161162222497 -25.330638581968955 2.81326024807494 49.7515173124755 -68.10173265309258 -65.12396199193958 -1.4559350484475004 74.22488047856689 ,0.675,9865.675
350 ,31.825535737516333 66.06161162222497 -33.00174286935342 -77.2271859783283 88.76402125322522 -62.18798569914872 -0.8365187700472063 86.60466313517338 25.0 ,0.625,9303.35
351 ,-34.391254997658095 23.771126995749597 44.97630055799672 -81.88275716042381 71.8766656010838 76.27788346014424 43.07593093543193 10.771763473707765 5.898822075465063 ,0.275,2537.8
352 ,-19.23797057426968 37.47054517452224 -44.48157597387063 -2.6946661737795807 58.67444926215549 84.6036008408505 51.370258993342475 -46.67755270942151 -40.776372930817104 ,0.4,4306.475
353 ,31.75868809872827 -98.41407876986628 -18.67708475746612 43.61298587730312 12.681326936442488 -62.18798569914872 -0.8365187700472063 86.60466313517338 74.98036697382778 ,0.7,8132.2
354 ,31.825535737516333 66.06161162222497 -49.87237871414276 32.222033273384 28.23976956932549 -62.18798569914872 -0.8365187700472063 43.0 25.0 ,0.725,8532.175
355 ,31.825535737516333 66.06161162222497 -28.74168579777188 -16.693676036909793 -97.32297302966117 -62.18798569914872 -0.8365187700472063 43.0 25.0 ,0.775,10374.2
356 ,93.0 66.06161162222497 21.599020530350032 54.77375062865224 82.92147880618847 -62.18798569914872 -0.8365187700472063 86.60466313517338 25.0 ,0.7,9345.45
357 ,31.825535737516333 66.06161162222497 8.167593273069528 18.518925627885707 9.026080409997817 -62.18798569914872 -0.8365187700472063 43.0 25.0 ,0.875,11808.7
358 ,31.825535737516333 66.06161162222497 -33.00174286935342 -77.2271859783283 88.76402125322522 -62.18798569914872 -0.8365187700472063 43.0 25.0 ,0.675,9424.25
359 ,93.0 66.06161162222497 -10.492809257264142 -64.89634549137895 -74.41511223613392 -62.18798569914872 -0.8365187700472063 43.0 25.0 ,0.85,12153.075
360 ,31.825535737516333 66.06161162222497 -25.330638581968955 2.81326024807494 49.7515173124755 -68.10173265309258 -65.12396199193958 -1.4559350484475004 74.22488047856689 ,0.575,8298.275
361 ,-34.391254997658095 23.771126995749597 44.97630055799672 -81.88275716042381 71.8766656010838 76.27788346014424 43.07593093543193 10.771763473707765 5.898822075465063 ,0.275,2185.0
362 ,-19.23797057426968 37.47054517452224 -44.48157597387063 -2.6946661737795807 58.67444926215549 84.6036008408505 51.370258993342475 -46.67755270942151 -40.776372930817104 ,0.4,4517.025
363 ,31.75868809872827 -98.41407876986628 -18.67708475746612 43.61298587730312 12.681326936442488 -62.18798569914872 -0.8365187700472063 86.60466313517338 74.98036697382778 ,0.6,6453.85
364 ,31.825535737516333 66.06161162222497 21.599020530350032 54.77375062865224 82.92147880618847 -62.18798569914872 -0.8365187700472063 86.60466313517338 74.98036697382778 ,0.675,8146.0
365 ,93.0 66.06161162222497 8.167593273069528 18.518925627885707 9.026080409997817 -62.18798569914872 -0.8365187700472063 43.0 25.0 ,0.85,10667.8
366 ,93.0 66.06161162222497 -28.74168579777188 -16.693676036909793 -97.32297302966117 -62.18798569914872 -0.8365187700472063 43.0 25.0 ,0.85,11161.0
367 ,31.825535737516333 66.06161162222497 -49.87237871414276 32.222033273384 28.23976956932549 -62.18798569914872 -0.8365187700472063 43.0 25.0 ,0.725,10063.875
368 ,31.825535737516333 66.06161162222497 -25.330638581968955 2.81326024807494 49.7515173124755 -68.10173265309258 -65.12396199193958 -1.4559350484475004 74.22488047856689 ,0.525,6582.2
369 ,31.825535737516333 66.06161162222497 -10.492809257264142 -64.89634549137895 -74.41511223613392 -62.18798569914872 -0.8365187700472063 43.0 25.0 ,0.675,9569.675
370 ,31.75868809872827 -98.41407876986628 -33.00174286935342 -77.2271859783283 88.76402125322522 -62.18798569914872 -0.8365187700472063 43.0 25.0 ,0.425,5660.45
371 ,-34.391254997658095 23.771126995749597 44.97630055799672 -81.88275716042381 71.8766656010838 76.27788346014424 43.07593093543193 10.771763473707765 5.898822075465063 ,0.25,1961.475
372 ,-19.23797057426968 37.47054517452224 -44.48157597387063 -2.6946661737795807 58.67444926215549 84.6036008408505 51.370258993342475 -46.67755270942151 -40.776372930817104 ,0.375,3952.5
373 ,31.75868809872827 -98.41407876986628 -18.67708475746612 43.61298587730312 12.681326936442488 -62.18798569914872 -0.8365187700472063 86.60466313517338 74.98036697382778 ,0.65,6852.325
374 ,93.0 66.06161162222497 21.599020530350032 54.77375062865224 82.92147880618847 -62.18798569914872 -0.8365187700472063 43.0 25.0 ,0.825,10409.95
375 ,31.825535737516333 66.06161162222497 -49.87237871414276 32.222033273384 28.23976956932549 -62.18798569914872 -0.8365187700472063 43.0 25.0 ,0.8,10314.625
376 ,93.0 66.06161162222497 -28.74168579777188 -16.693676036909793 -97.32297302966117 -62.18798569914872 -0.8365187700472063 86.60466313517338 74.98036697382778 ,0.675,9126.55
377 ,93.0 66.06161162222497 8.167593273069528 18.518925627885707 9.026080409997817 -62.18798569914872 -0.8365187700472063 43.0 25.0 ,0.7,8900.075
378 ,93.0 66.06161162222497 -10.492809257264142 -64.89634549137895 -74.41511223613392 -62.18798569914872 -0.8365187700472063 43.0 25.0 ,0.925,13004.225
379 ,31.825535737516333 66.06161162222497 -33.00174286935342 -77.2271859783283 88.76402125322522 -62.18798569914872 -0.8365187700472063 43.0 25.0 ,0.55,7425.325
380 ,31.825535737516333 66.06161162222497 -25.330638581968955 2.81326024807494 49.7515173124755 -68.10173265309258 -65.12396199193958 -1.4559350484475004 74.22488047856689 ,0.625,10109.2
381 ,-34.391254997658095 23.771126995749597 44.97630055799672 -81.88275716042381 71.8766656010838 76.27788346014424 43.07593093543193 10.771763473707765 5.898822075465063 ,0.275,2509.375
382 ,93.0 66.06161162222497 21.599020530350032 54.77375062865224 82.92147880618847 -62.18798569914872 -0.8365187700472063 86.60466313517338 74.98036697382778 ,0.725,7038.075
383 ,-19.23797057426968 37.47054517452224 -44.48157597387063 -2.6946661737795807 58.67444926215549 84.6036008408505 51.370258993342475 -46.67755270942151 -40.776372930817104 ,0.375,4109.15
384 ,93.0 66.06161162222497 8.167593273069528 18.518925627885707 9.026080409997817 -62.18798569914872 -0.8365187700472063 43.0 25.0 ,0.75,8583.375
385 ,93.0 66.06161162222497 -49.87237871414276 32.222033273384 28.23976956932549 -62.18798569914872 -0.8365187700472063 43.0 25.0 ,0.675,7906.625
386 ,31.75868809872827 -98.41407876986628 -18.67708475746612 43.61298587730312 12.681326936442488 -62.18798569914872 -0.8365187700472063 86.60466313517338 74.98036697382778 ,0.55,7016.425
387 ,93.0 66.06161162222497 -10.492809257264142 -64.89634549137895 -74.41511223613392 -62.18798569914872 -0.8365187700472063 43.0 25.0 ,0.85,11619.625
388 ,93.0 66.06161162222497 -28.74168579777188 -16.693676036909793 -97.32297302966117 -62.18798569914872 -0.8365187700472063 43.0 25.0 ,0.825,11408.925
389 ,31.825535737516333 66.06161162222497 -25.330638581968955 2.81326024807494 49.7515173124755 -68.10173265309258 -65.12396199193958 -1.4559350484475004 74.22488047856689 ,0.575,9037.65
390 ,93.0 66.06161162222497 -33.00174286935342 -77.2271859783283 88.76402125322522 -62.18798569914872 -0.8365187700472063 43.0 25.0 ,0.475,7118.7
391 ,-34.391254997658095 23.771126995749597 44.97630055799672 -81.88275716042381 71.8766656010838 76.27788346014424 43.07593093543193 10.771763473707765 5.898822075465063 ,0.3,2521.075
392 ,-19.23797057426968 37.47054517452224 -44.48157597387063 -2.6946661737795807 58.67444926215549 84.6036008408505 51.370258993342475 -46.67755270942151 -40.776372930817104 ,0.35,3874.7
393 ,93.0 66.06161162222497 -49.87237871414276 32.222033273384 28.23976956932549 -62.18798569914872 -0.8365187700472063 43.0 25.0 ,0.8,9855.7
394 ,93.0 66.06161162222497 8.167593273069528 18.518925627885707 9.026080409997817 -62.18798569914872 -0.8365187700472063 43.0 25.0 ,0.85,10519.9
395 ,93.0 66.06161162222497 21.599020530350032 54.77375062865224 82.92147880618847 -62.18798569914872 -0.8365187700472063 43.0 25.0 ,0.7,8545.25
396 ,93.0 66.06161162222497 -28.74168579777188 -16.693676036909793 -97.32297302966117 -62.18798569914872 -0.8365187700472063 86.60466313517338 74.98036697382778 ,0.65,7503.825
397 ,31.75868809872827 -98.41407876986628 -18.67708475746612 43.61298587730312 12.681326936442488 -62.18798569914872 -0.8365187700472063 86.60466313517338 74.98036697382778 ,0.7,9670.125
398 ,93.0 66.06161162222497 -10.492809257264142 -64.89634549137895 -74.41511223613392 -62.18798569914872 -0.8365187700472063 43.0 25.0 ,0.85,12175.9
399 ,31.825535737516333 66.06161162222497 -25.330638581968955 2.81326024807494 49.7515173124755 -68.10173265309258 -65.12396199193958 -1.4559350484475004 74.22488047856689 ,0.65,9371.375
400 ,93.0 66.06161162222497 -33.00174286935342 -77.2271859783283 88.76402125322522 -62.18798569914872 -0.8365187700472063 43.0 25.0 ,0.6,8598.7
401 ,-34.391254997658095 23.771126995749597 44.97630055799672 -81.88275716042381 71.8766656010838 76.27788346014424 43.07593093543193 10.771763473707765 5.898822075465063 ,0.3,2921.175
402 ,-19.23797057426968 37.47054517452224 -44.48157597387063 -2.6946661737795807 58.67444926215549 84.6036008408505 51.370258993342475 -46.67755270942151 -40.776372930817104 ,0.35,3616.75
403 ,93.0 66.06161162222497 21.599020530350032 54.77375062865224 82.92147880618847 -62.18798569914872 -0.8365187700472063 43.0 25.0 ,0.775,9069.675
404 ,31.75868809872827 -98.41407876986628 -18.67708475746612 43.61298587730312 12.681326936442488 -62.18798569914872 -0.8365187700472063 86.60466313517338 74.98036697382778 ,0.75,9300.5
405 ,93.0 66.06161162222497 8.167593273069528 18.518925627885707 9.026080409997817 -62.18798569914872 -0.8365187700472063 43.0 25.0 ,0.85,10672.975
406 ,93.0 66.06161162222497 -28.74168579777188 -16.693676036909793 -97.32297302966117 -62.18798569914872 -0.8365187700472063 86.60466313517338 74.98036697382778 ,0.8,10292.85
407 ,31.75868809872827 -98.41407876986628 -49.87237871414276 32.222033273384 28.23976956932549 -62.18798569914872 -0.8365187700472063 43.0 25.0 ,0.525,7115.275
408 ,93.0 66.06161162222497 -33.00174286935342 -77.2271859783283 88.76402125322522 -62.18798569914872 -0.8365187700472063 43.0 25.0 ,0.75,10475.125
409 ,93.0 66.06161162222497 -10.492809257264142 -64.89634549137895 -74.41511223613392 -62.18798569914872 -0.8365187700472063 43.0 25.0 ,0.825,11797.65
410 ,31.825535737516333 66.06161162222497 -25.330638581968955 2.81326024807494 49.7515173124755 -68.10173265309258 -65.12396199193958 -1.4559350484475004 74.22488047856689 ,0.65,9166.25
411 ,-34.391254997658095 23.771126995749597 44.97630055799672 -81.88275716042381 71.8766656010838 76.27788346014424 43.07593093543193 10.771763473707765 5.898822075465063 ,0.3,2513.05
412 ,93.0 66.06161162222497 21.599020530350032 54.77375062865224 82.92147880618847 -62.18798569914872 -0.8365187700472063 86.60466313517338 74.98036697382778 ,0.625,6462.625
413 ,-19.23797057426968 37.47054517452224 -44.48157597387063 -2.6946661737795807 58.67444926215549 84.6036008408505 51.370258993342475 -46.67755270942151 -40.776372930817104 ,0.375,4217.125
414 ,31.75868809872827 -98.41407876986628 -18.67708475746612 43.61298587730312 12.681326936442488 -62.18798569914872 -0.8365187700472063 86.60466313517338 74.98036697382778 ,0.725,8523.425
415 ,93.0 66.06161162222497 -49.87237871414276 32.222033273384 28.23976956932549 -62.18798569914872 -0.8365187700472063 43.0 25.0 ,0.825,10156.45
416 ,93.0 66.06161162222497 8.167593273069528 18.518925627885707 9.026080409997817 -62.18798569914872 -0.8365187700472063 43.0 25.0 ,0.8,10052.575
417 ,93.0 66.06161162222497 -28.74168579777188 -16.693676036909793 -97.32297302966117 -62.18798569914872 -0.8365187700472063 43.0 25.0 ,0.875,11673.975
418 ,93.0 66.06161162222497 -10.492809257264142 -64.89634549137895 -74.41511223613392 -62.18798569914872 -0.8365187700472063 43.0 25.0 ,0.875,11887.025
419 ,31.75868809872827 -98.41407876986628 -33.00174286935342 -77.2271859783283 88.76402125322522 -62.18798569914872 -0.8365187700472063 43.0 25.0 ,0.45,6035.475
420 ,31.825535737516333 66.06161162222497 -25.330638581968955 2.81326024807494 49.7515173124755 -68.10173265309258 -65.12396199193958 -1.4559350484475004 74.22488047856689 ,0.575,8630.25
421 ,-34.391254997658095 23.771126995749597 44.97630055799672 -81.88275716042381 71.8766656010838 76.27788346014424 43.07593093543193 10.771763473707765 5.898822075465063 ,0.375,3109.875
422 ,93.0 66.06161162222497 21.599020530350032 54.77375062865224 82.92147880618847 -62.18798569914872 -0.8365187700472063 86.60466313517338 74.98036697382778 ,0.625,6053.85
423 ,-19.23797057426968 37.47054517452224 -44.48157597387063 -2.6946661737795807 58.67444926215549 84.6036008408505 51.370258993342475 -46.67755270942151 -40.776372930817104 ,0.35,3578.225
424 ,31.75868809872827 -98.41407876986628 -18.67708475746612 43.61298587730312 12.681326936442488 -62.18798569914872 -0.8365187700472063 86.60466313517338 74.98036697382778 ,0.6,6358.275
425 ,93.0 66.06161162222497 8.167593273069528 18.518925627885707 9.026080409997817 -62.18798569914872 -0.8365187700472063 43.0 25.0 ,0.85,9919.225
426 ,93.0 66.06161162222497 -49.87237871414276 32.222033273384 28.23976956932549 -62.18798569914872 -0.8365187700472063 43.0 25.0 ,0.875,10888.45
427 ,93.0 66.06161162222497 -28.74168579777188 -16.693676036909793 -97.32297302966117 -62.18798569914872 -0.8365187700472063 43.0 25.0 ,0.925,12637.525
428 ,93.0 66.06161162222497 -10.492809257264142 -64.89634549137895 -74.41511223613392 -62.18798569914872 -0.8365187700472063 43.0 25.0 ,0.7,9748.95
429 ,31.825535737516333 66.06161162222497 -25.330638581968955 2.81326024807494 49.7515173124755 -68.10173265309258 -65.12396199193958 -1.4559350484475004 74.22488047856689 ,0.675,9710.275
430 ,31.75868809872827 -98.41407876986628 -33.00174286935342 -77.2271859783283 88.76402125322522 -62.18798569914872 -0.8365187700472063 43.0 25.0 ,0.5,7593.675
431 ,-34.391254997658095 23.771126995749597 44.97630055799672 -81.88275716042381 71.8766656010838 76.27788346014424 43.07593093543193 10.771763473707765 5.898822075465063 ,0.225,1832.9
432 ,-19.23797057426968 37.47054517452224 -44.48157597387063 -2.6946661737795807 58.67444926215549 84.6036008408505 51.370258993342475 -46.67755270942151 -40.776372930817104 ,0.4,3828.975
433 ,31.75868809872827 -98.41407876986628 -18.67708475746612 43.61298587730312 12.681326936442488 -62.18798569914872 -0.8365187700472063 86.60466313517338 74.98036697382778 ,0.7,7567.5
434 ,93.0 66.06161162222497 8.167593273069528 18.518925627885707 9.026080409997817 -62.18798569914872 -0.8365187700472063 43.0 25.0 ,0.75,9528.625
435 ,93.0 66.06161162222497 -49.87237871414276 32.222033273384 28.23976956932549 -62.18798569914872 -0.8365187700472063 43.0 25.0 ,0.8,10488.3
436 ,93.0 66.06161162222497 21.599020530350032 54.77375062865224 82.92147880618847 -68.10173265309258 -65.12396199193958 -1.4559350484475004 74.22488047856689 ,0.85,11334.575
437 ,93.0 66.06161162222497 -10.492809257264142 -64.89634549137895 -74.41511223613392 -62.18798569914872 -0.8365187700472063 43.0 25.0 ,0.85,11912.8
438 ,93.0 66.06161162222497 -28.74168579777188 -16.693676036909793 -97.32297302966117 -62.18798569914872 -0.8365187700472063 43.0 25.0 ,0.925,13084.9
439 ,31.825535737516333 66.06161162222497 -33.00174286935342 -77.2271859783283 88.76402125322522 -62.18798569914872 -0.8365187700472063 43.0 25.0 ,0.675,10734.05
440 ,31.825535737516333 66.06161162222497 -25.330638581968955 2.81326024807494 49.7515173124755 -68.10173265309258 -65.12396199193958 -1.4559350484475004 74.22488047856689 ,0.625,9747.875
441 ,-34.391254997658095 23.771126995749597 44.97630055799672 -81.88275716042381 71.8766656010838 76.27788346014424 43.07593093543193 10.771763473707765 5.898822075465063 ,0.225,2000.225
442 ,-19.23797057426968 37.47054517452224 -44.48157597387063 -2.6946661737795807 58.67444926215549 84.6036008408505 51.370258993342475 -46.67755270942151 -40.776372930817104 ,0.4,4285.725
443 ,93.0 66.06161162222497 21.599020530350032 54.77375062865224 82.92147880618847 -62.18798569914872 -0.8365187700472063 43.0 25.0 ,0.825,9437.15
444 ,31.75868809872827 -98.41407876986628 -18.67708475746612 43.61298587730312 12.681326936442488 -62.18798569914872 -0.8365187700472063 86.60466313517338 74.98036697382778 ,0.725,9001.425
445 ,93.0 66.06161162222497 -28.74168579777188 -16.693676036909793 -97.32297302966117 -62.18798569914872 -0.8365187700472063 43.0 25.0 ,0.85,10767.125
446 ,93.0 66.06161162222497 8.167593273069528 18.518925627885707 9.026080409997817 -62.18798569914872 -0.8365187700472063 43.0 25.0 ,0.825,10447.925
447 ,93.0 66.06161162222497 -33.00174286935342 -77.2271859783283 88.76402125322522 -62.18798569914872 -0.8365187700472063 43.0 25.0 ,0.675,9507.35
448 ,93.0 66.06161162222497 -49.87237871414276 32.222033273384 28.23976956932549 -68.10173265309258 -65.12396199193958 -1.4559350484475004 74.22488047856689 ,0.75,10459.075
449 ,31.825535737516333 66.06161162222497 -25.330638581968955 2.81326024807494 49.7515173124755 -68.10173265309258 -65.12396199193958 -1.4559350484475004 74.22488047856689 ,0.525,7487.825
450 ,93.0 66.06161162222497 -10.492809257264142 -64.89634549137895 -74.41511223613392 -68.10173265309258 -65.12396199193958 -1.4559350484475004 74.22488047856689 ,0.75,11227.275
451 ,-34.391254997658095 23.771126995749597 44.97630055799672 -81.88275716042381 71.8766656010838 76.27788346014424 43.07593093543193 10.771763473707765 5.898822075465063 ,0.25,2122.1
452 ,-19.23797057426968 37.47054517452224 -44.48157597387063 -2.6946661737795807 58.67444926215549 84.6036008408505 51.370258993342475 -46.67755270942151 -40.776372930817104 ,0.35,3999.175
453 ,31.75868809872827 -98.41407876986628 -18.67708475746612 43.61298587730312 12.681326936442488 -62.18798569914872 -0.8365187700472063 86.60466313517338 74.98036697382778 ,0.7,8148.125
454 ,93.0 66.06161162222497 -49.87237871414276 32.222033273384 28.23976956932549 -62.18798569914872 -0.8365187700472063 43.0 25.0 ,0.875,10797.75
455 ,93.0 66.06161162222497 8.167593273069528 18.518925627885707 9.026080409997817 -62.18798569914872 -0.8365187700472063 43.0 25.0 ,0.8,10410.275
456 ,93.0 66.06161162222497 -10.492809257264142 -64.89634549137895 -74.41511223613392 -62.18798569914872 -0.8365187700472063 43.0 25.0 ,0.85,10981.875
457 ,93.0 66.06161162222497 21.599020530350032 54.77375062865224 82.92147880618847 -68.10173265309258 -65.12396199193958 -1.4559350484475004 74.22488047856689 ,0.8,10363.875
458 ,93.0 66.06161162222497 -28.74168579777188 -16.693676036909793 -97.32297302966117 -68.10173265309258 -65.12396199193958 -1.4559350484475004 74.22488047856689 ,0.625,8742.8
459 ,93.0 66.06161162222497 -33.00174286935342 -77.2271859783283 88.76402125322522 -62.18798569914872 -0.8365187700472063 43.0 25.0 ,0.7,10121.1
460 ,31.825535737516333 66.06161162222497 -25.330638581968955 2.81326024807494 49.7515173124755 -68.10173265309258 -65.12396199193958 -1.4559350484475004 74.22488047856689 ,0.7,10629.6
461 ,-34.391254997658095 23.771126995749597 44.97630055799672 -81.88275716042381 71.8766656010838 76.27788346014424 43.07593093543193 10.771763473707765 5.898822075465063 ,0.225,1800.9
462 ,-19.23797057426968 37.47054517452224 -44.48157597387063 -2.6946661737795807 58.67444926215549 84.6036008408505 51.370258993342475 -46.67755270942151 -40.776372930817104 ,0.375,3798.675
463 ,93.0 66.06161162222497 21.599020530350032 54.77375062865224 82.92147880618847 -62.18798569914872 -0.8365187700472063 86.60466313517338 74.98036697382778 ,0.675,7813.025
464 ,31.75868809872827 -98.41407876986628 -18.67708475746612 43.61298587730312 12.681326936442488 -62.18798569914872 -0.8365187700472063 86.60466313517338 74.98036697382778 ,0.65,7435.375
465 ,93.0 66.06161162222497 8.167593273069528 18.518925627885707 9.026080409997817 -62.18798569914872 -0.8365187700472063 43.0 25.0 ,0.8,10160.5
466 ,93.0 66.06161162222497 -28.74168579777188 -16.693676036909793 -97.32297302966117 -62.18798569914872 -0.8365187700472063 43.0 25.0 ,0.8,10352.1
467 ,93.0 66.06161162222497 -10.492809257264142 -64.89634549137895 -74.41511223613392 -62.18798569914872 -0.8365187700472063 43.0 25.0 ,0.9,11379.15
468 ,93.0 66.06161162222497 -49.87237871414276 32.222033273384 28.23976956932549 -62.18798569914872 -0.8365187700472063 43.0 25.0 ,0.85,10818.625
469 ,31.75868809872827 -98.41407876986628 -33.00174286935342 -77.2271859783283 88.76402125322522 -62.18798569914872 -0.8365187700472063 43.0 25.0 ,0.375,5488.025
470 ,31.825535737516333 66.06161162222497 -25.330638581968955 2.81326024807494 49.7515173124755 -68.10173265309258 -65.12396199193958 -1.4559350484475004 74.22488047856689 ,0.5,7575.15
471 ,-34.391254997658095 23.771126995749597 44.97630055799672 -81.88275716042381 71.8766656010838 76.27788346014424 43.07593093543193 10.771763473707765 5.898822075465063 ,0.35,3244.375
472 ,93.0 66.06161162222497 21.599020530350032 54.77375062865224 82.92147880618847 -62.18798569914872 -0.8365187700472063 86.60466313517338 74.98036697382778 ,0.675,6881.55
473 ,-19.23797057426968 37.47054517452224 -44.48157597387063 -2.6946661737795807 58.67444926215549 84.6036008408505 51.370258993342475 -46.67755270942151 -40.776372930817104 ,0.425,4833.175
474 ,31.75868809872827 -98.41407876986628 -18.67708475746612 43.61298587730312 12.681326936442488 -62.18798569914872 -0.8365187700472063 86.60466313517338 74.98036697382778 ,0.625,6764.175
475 ,93.0 66.06161162222497 8.167593273069528 18.518925627885707 9.026080409997817 -62.18798569914872 -0.8365187700472063 43.0 25.0 ,0.825,10882.75
476 ,93.0 66.06161162222497 -49.87237871414276 32.222033273384 28.23976956932549 -62.18798569914872 -0.8365187700472063 43.0 25.0 ,0.825,10496.1
477 ,93.0 66.06161162222497 -10.492809257264142 -64.89634549137895 -74.41511223613392 -62.18798569914872 -0.8365187700472063 43.0 25.0 ,0.825,11318.225
478 ,93.0 66.06161162222497 -28.74168579777188 -16.693676036909793 -97.32297302966117 -62.18798569914872 -0.8365187700472063 43.0 25.0 ,0.85,12306.725
479 ,93.0 66.06161162222497 -33.00174286935342 -77.2271859783283 88.76402125322522 -62.18798569914872 -0.8365187700472063 43.0 25.0 ,0.7,9468.175
480 ,31.825535737516333 66.06161162222497 -25.330638581968955 2.81326024807494 49.7515173124755 -68.10173265309258 -65.12396199193958 -1.4559350484475004 74.22488047856689 ,0.55,8088.1
481 ,-34.391254997658095 23.771126995749597 44.97630055799672 -81.88275716042381 71.8766656010838 76.27788346014424 43.07593093543193 10.771763473707765 5.898822075465063 ,0.2,1720.4
482 ,-19.23797057426968 37.47054517452224 -44.48157597387063 -2.6946661737795807 58.67444926215549 84.6036008408505 51.370258993342475 -46.67755270942151 -40.776372930817104 ,0.35,3702.6
483 ,93.0 66.06161162222497 21.599020530350032 54.77375062865224 82.92147880618847 -62.18798569914872 -0.8365187700472063 43.0 25.0 ,0.775,8966.375
484 ,31.75868809872827 -98.41407876986628 -18.67708475746612 43.61298587730312 12.681326936442488 -62.18798569914872 -0.8365187700472063 86.60466313517338 74.98036697382778 ,0.775,9146.05
485 ,93.0 66.06161162222497 8.167593273069528 18.518925627885707 9.026080409997817 -62.18798569914872 -0.8365187700472063 43.0 25.0 ,0.675,8971.7
486 ,93.0 66.06161162222497 -49.87237871414276 32.222033273384 28.23976956932549 -62.18798569914872 -0.8365187700472063 43.0 25.0 ,0.825,10272.825
487 ,93.0 66.06161162222497 -10.492809257264142 -64.89634549137895 -74.41511223613392 -62.18798569914872 -0.8365187700472063 43.0 25.0 ,0.8,10680.15
488 ,93.0 66.06161162222497 -28.74168579777188 -16.693676036909793 -97.32297302966117 -62.18798569914872 -0.8365187700472063 43.0 25.0 ,0.85,11928.25
489 ,93.0 66.06161162222497 -33.00174286935342 -77.2271859783283 88.76402125322522 -62.18798569914872 -0.8365187700472063 43.0 25.0 ,0.65,9273.05
490 ,31.825535737516333 66.06161162222497 -25.330638581968955 2.81326024807494 49.7515173124755 -68.10173265309258 -65.12396199193958 -1.4559350484475004 74.22488047856689 ,0.575,8787.775
491 ,-34.391254997658095 23.771126995749597 44.97630055799672 -81.88275716042381 71.8766656010838 76.27788346014424 43.07593093543193 10.771763473707765 5.898822075465063 ,0.25,2118.4
492 ,-19.23797057426968 37.47054517452224 -44.48157597387063 -2.6946661737795807 58.67444926215549 84.6036008408505 51.370258993342475 -46.67755270942151 -40.776372930817104 ,0.4,4362.75
493 ,93.0 66.06161162222497 21.599020530350032 54.77375062865224 82.92147880618847 -62.18798569914872 -0.8365187700472063 43.0 25.0 ,0.95,11226.35
494 ,31.75868809872827 -98.41407876986628 -18.67708475746612 43.61298587730312 12.681326936442488 -62.18798569914872 -0.8365187700472063 86.60466313517338 74.98036697382778 ,0.65,7561.025
495 ,93.0 66.06161162222497 8.167593273069528 18.518925627885707 9.026080409997817 -62.18798569914872 -0.8365187700472063 43.0 25.0 ,0.875,10517.825
496 ,31.75868809872827 -98.41407876986628 -49.87237871414276 32.222033273384 28.23976956932549 -62.18798569914872 -0.8365187700472063 43.0 25.0 ,0.575,7358.05
497 ,93.0 66.06161162222497 -28.74168579777188 -16.693676036909793 -97.32297302966117 -62.18798569914872 -0.8365187700472063 86.60466313517338 74.98036697382778 ,0.85,12058.7
498 ,93.0 66.06161162222497 -33.00174286935342 -77.2271859783283 88.76402125322522 -62.18798569914872 -0.8365187700472063 43.0 25.0 ,0.7,9552.65
499 ,75.0 66.06161162222497 -10.492809257264142 -64.89634549137895 -74.41511223613392 -62.18798569914872 -0.8365187700472063 43.0 25.0 ,0.825,12201.875
500 ,31.825535737516333 66.06161162222497 -25.330638581968955 2.81326024807494 49.7515173124755 -68.10173265309258 -65.12396199193958 -1.4559350484475004 74.22488047856689 ,0.6,8985.125
